"","Name","Points","Assists","Offensive_Rebounds","Defensive_Rebounds","Total_Rebounds","Steals","Blocks","Turnovers","Per_Game_Fantasy_Score","Games_Played","Season_Fantasy_Score","Position","Team","EST_Points","EST_Assists","EST_Offensive_Rebounds","EST_Defensive_Rebounds","EST_Total_Rebounds","EST_Steals","EST_Blocks","EST_Turnovers","EST_Per_Game_Fantasy_Score"
"1","Juan Toscano-Anderson",5.7,2.8,0.5,3.9,4.4,0.8,0.5,1.2,17.88,53,947.64,"SG","GSW",5.280055497,1.85426153,0.76865997,3.188706736,3.957366705,0.890895216,0.4101817,1.148997691,15.56452089
"2","Juwan Morgan",1.2,0.3,0.3,0.7,1,0.1,0,0.1,3.05,29,88.45,"PF","UTA",3.374717176,0.590762848,0.539003447,1.138048975,1.677052422,0.127582713,0.19402171,0.395342669,6.842794953
"3","Axel Toupane",1.8,0.5,0,0.8,0.8,0.3,0.4,0,5.61,8,44.88,"SF","MIL",5.596330948,1.13321117,0.417960366,1.798423279,2.216383646,0.590337122,0.373549508,0.493418447,12.35404952
"4","Jahlil Okafor",5.4,0.5,0.9,1.6,2.5,0.2,0.2,0.8,9.55,27,257.85,"C","DET",10.03840394,1.912366338,1.562019368,2.859007881,4.421027248,0.270284023,0.690890086,1.493681305,19.60202717
"5","Khyri Thomas",16.4,5,1.4,2.2,3.6,1.8,1.2,1.2,36.02,5,180.1,"SG","HOU",6.396413503,1.446201021,0.257222318,1.218108637,1.475330955,0.621990588,0.082723096,1.028805328,11.42144791
"6","Tacko Fall",2.5,0.2,0.8,1.9,2.7,0.1,1.1,0.3,9.34,19,177.46,"C","BOS",4.663006365,0.443939842,0.281642089,2.527368077,2.809010165,0.214610557,0.58116341,0.56376859,10.52328164
"7","Serge Ibaka",11.1,1.8,1.8,4.9,6.7,0.2,1.1,1.1,24.64,41,1010.24,"C","LAC",12.5886866,1.175892354,1.890354507,5.094214759,6.984569266,0.324742367,1.027032779,1.678549156,25.11078453
"8","Kevon Looney",4.1,2,1.9,3.4,5.3,0.3,0.4,0.6,14.96,61,912.56,"C","GSW",4.768976135,1.069803477,1.345634295,1.955387937,3.301022233,0.513712538,0.380978232,0.600604855,12.41837549
"9","Jimmy Butler",21.5,7.1,1.8,5.1,6.9,2.1,0.3,2.1,45.53,52,2367.56,"SF","MIA",19.67625134,5.127068722,1.581884814,4.358447593,5.940332407,1.556808047,0.595268729,1.807763574,39.14372007
"10","Cameron Payne",8.4,3.6,0.3,2.1,2.4,0.6,0.3,1,18.38,60,1102.8,"PG","PHO",10.66977355,2.948520365,0.441486089,2.972794639,3.414280728,0.84266778,0.305770744,1.297430058,21.33757648
"11","Jakob Poeltl",8.6,1.9,3.2,4.8,8,0.7,1.8,1.2,27.35,69,1887.15,"C","SAS",7.188196667,1.624120393,1.864816083,3.814476407,5.679292491,0.657940401,1.19329891,0.831969306,21.16127687
"12","Semi Ojeleye",4.6,0.7,0.6,2.1,2.7,0.3,0,0.4,9.39,56,525.84,"PF","BOS",4.350872869,0.699033363,0.470852362,1.928120032,2.398972395,0.335907194,0.104027329,0.305360612,9.292632743
"13","Justin Robinson",2.3,1,0.1,0.7,0.8,0.3,0,0.2,5.46,9,49.14,"PG","OKC",4.565925012,1.569845589,0.233587533,1.072858062,1.306445595,0.236061758,0.191546599,0.744893092,9.026360089
"14","Shai Gilgeous-Alexander",23.7,5.9,0.5,4.2,4.7,0.8,0.7,3,39.69,35,1389.15,"SG","OKC",20.98327252,3.868029143,0.729950357,5.227690618,5.957640975,1.102995398,0.635164471,2.152276557,36.99668845
"15","Isaac Bonga",2,0.6,0.5,1.2,1.7,0.3,0.2,0.6,5.84,40,233.6,"SF","WAS",6.384426886,1.369005466,1.117816235,2.491125046,3.608941281,0.697357663,0.320375562,0.897412514,14.92445178
"16","Nathan Knight",3.8,0.2,0.8,1.4,2.2,0.3,0.3,0.5,8.04,33,265.32,"PF","ATL",NA,NA,NA,NA,NA,NA,NA,NA,NA
"17","Tremont Waters",3.8,2.4,0.2,0.6,0.8,0.6,0,1,9.16,26,238.16,"PG","BOS",5.653372761,1.744807145,0.202363339,1.696175718,1.898539057,0.838514465,0.229303911,1.38443437,12.3678511
"18","Chasson Randle",6.5,1.8,0.2,1.8,2,0.5,0.1,1.1,12.3,41,504.3,"PG","ORL",5.353831364,2.049156625,0.196802005,1.490050627,1.686852632,0.658294013,0.124838336,0.47039341,12.3307931
"19","Kyle Guy",2.8,1,0.2,1,1.2,0.2,0,0.4,5.94,31,184.14,"PG","SAC",2.40362462,0.517027425,0.051508701,0.550474238,0.601982939,0.09249393,0.041828286,0.109562347,4.194949587
"20","Draymond Green",7,8.9,0.9,6.3,7.2,1.7,0.8,3,33.49,63,2109.87,"PF","GSW",7.448550297,5.50907447,0.600327002,5.229143529,5.829470531,1.216660889,0.81325551,2.053308065,26.74396777
"21","Ivica Zubac",9,1.3,2.6,4.6,7.2,0.3,0.9,1.1,22.09,72,1590.48,"C","LAC",8.467683426,1.383503671,2.287333668,4.318642457,6.605976125,0.269777773,0.781986225,0.840873202,20.78452907
"22","Freddie Gillespie",5.6,0.5,2.1,2.8,4.9,0.7,1,0.6,16.73,20,334.6,"PF","TOR",NA,NA,NA,NA,NA,NA,NA,NA,NA
"23","Richaun Holmes",14.2,1.7,2.4,5.9,8.3,0.6,1.6,1.2,32.11,61,1958.71,"C","SAC",10.67589283,1.035550659,2.439106453,4.613186376,7.052292829,0.768208079,1.023580128,1.101911992,24.96542285
"24","Jaylen Nowell",9,1.5,0.5,1.8,2.3,0.5,0.3,0.7,15.71,42,659.82,"SG","MIN",6.114799086,1.553872897,0.329121841,1.118159976,1.447281817,0.271359893,0.173546641,0.434367482,11.08269873
"25","Desmond Bane",9.2,1.7,0.5,2.6,3.1,0.6,0.2,0.9,16.97,68,1153.96,"SG","MEM",5.759790028,1.407206628,0.396594084,1.747282383,2.143876467,0.455532403,0.200504303,0.682178809,11.72918304
"26","Langston Galloway",4.8,0.7,0.2,0.9,1.1,0.2,0,0.3,7.47,40,298.8,"SG","PHO",9.512798717,1.422304454,0.447496102,1.791515835,2.239011937,0.651662335,0.214811317,0.551680758,16.38080992
"27","Didi Louzada",2.7,1,0.3,0.7,1,0.7,0,1,6.5,3,19.5,"SF","NOP",NA,NA,NA,NA,NA,NA,NA,NA,NA
"28","Zach LaVine",27.4,4.9,0.6,4.4,5,0.8,0.5,3.5,41.15,58,2386.7,"SG","CHI",23.90231095,4.11121934,0.707740121,3.942178172,4.649918293,1.281478293,0.487573045,2.956366734,37.99982919
"29","Reggie Bullock",10.9,1.5,0.2,3.2,3.4,0.8,0.2,0.7,19.53,65,1269.45,"SF","NYK",6.841021517,1.039477942,0.388828585,1.639046427,2.027875012,0.73869274,0.129190473,0.533098652,12.90423943
"30","Louis King",7.3,1.5,0.8,2.2,3,1.2,0.5,0.7,17.55,6,105.3,"SF","SAC",3.357018359,0.7771957,0.135673307,1.011002571,1.146675878,0.247004865,0.035830132,0.276520727,6.470807228
"31","Duncan Robinson",13.1,1.8,0.1,3.4,3.5,0.6,0.3,1.1,21.6,72,1555.2,"SF","MIA",13.18826148,1.402676691,0.200176903,2.885928143,3.086105046,0.509842321,0.34540432,0.901073185,20.66026931
"32","Cole Anthony",12.9,4.1,0.8,3.9,4.7,0.6,0.4,2.3,25.39,47,1193.33,"PG","ORL",11.46983833,3.062428679,0.624249457,3.488305982,4.112555438,0.800985793,0.364989176,1.924852112,22.57162066
"33","Udonis Haslem",4,0,0,1,1,0,0,0,5.2,1,5.2,"C","MIA",1.173263243,-0.296747146,0.386758719,3.461748119,3.848506838,0.091685848,0.127338248,0.211064878,5.792358136
"34","Gordon Hayward",19.6,4.1,0.8,5,5.8,1.2,0.3,2.1,35.11,44,1544.84,"SF","CHO",15.59766489,3.575684428,1.028947646,4.799808716,5.828756362,0.700917993,0.398123573,1.680268389,29.57255547
"35","Jayson Tatum",26.4,4.3,0.8,6.6,7.4,1.2,0.5,2.7,44.13,64,2824.32,"SF","BOS",22.7565421,3.103562228,0.956312675,5.713565828,6.669878503,1.237404089,0.769704288,2.010315788,39.42674899
"36","Kelan Martin",4.5,0.5,0.5,1.7,2.2,0.3,0.3,0.5,9.19,35,321.65,"SF","IND",7.384259556,1.05214328,0.464151023,2.61962491,3.083775933,0.30058374,0.311259276,0.766311934,13.73222271
"37","Nate Darling",1.3,0.1,0.1,0,0.1,0,0.1,0.1,1.77,7,12.39,"SG","CHO",NA,NA,NA,NA,NA,NA,NA,NA,NA
"38","Harrison Barnes",16.1,3.5,1.1,5.5,6.6,0.7,0.2,1.6,30.37,58,1761.46,"PF","SAC",13.96852058,2.075699423,1.033530303,3.783265815,4.816796118,0.599702952,0.176359719,1.178543372,24.0118697
"39","Cameron Oliver",10.8,1.3,1.3,4,5.3,0.5,1,0.8,22.81,4,91.24,"SF","HOU",NA,NA,NA,NA,NA,NA,NA,NA,NA
"40","Lonnie Walker",11.2,1.7,0.2,2.4,2.6,0.5,0.3,1.1,18.17,60,1090.2,"SG","SAS",8.229822964,1.159894003,0.48332979,2.009407596,2.492737387,0.527216051,0.286913315,0.764022183,14.63931475
"41","Luka Dončić",27.7,8.6,0.8,7.2,8,1,0.5,4.3,50.4,66,3326.4,"PG","DAL",28.84645921,8.409761794,1.242215264,6.98623402,8.228449284,0.95617199,0.220922425,3.832241222,51.03428307
"42","Nate Hinton",2,0.4,0,0.4,0.4,0.3,0.1,0.2,4.08,21,85.68,"SG","DAL",NA,NA,NA,NA,NA,NA,NA,NA,NA
"43","Bol Bol",2.2,0.2,0,0.8,0.8,0.1,0.3,0.4,4.26,32,136.32,"PF","DEN",7.804662199,1.319688888,0.703623014,2.269123226,2.972746239,0.371027391,0.821012838,1.478485651,15.44912605
"44","Facundo Campazzo",6.1,3.6,0.3,1.7,2,1.2,0.2,1.1,17,65,1105,"PG","DEN",NA,NA,NA,NA,NA,NA,NA,NA,NA
"45","Quinndary Weatherspoon",2.3,0.4,0.2,0.4,0.6,0.4,0.1,0.5,4.62,20,92.4,"SG","SAS",3.555273866,1.057808758,0.226471852,0.937266294,1.163738146,0.376891056,0.20146393,0.614219164,7.659318572
"46","Théo Maledon",10.1,3.5,0.4,2.9,3.3,0.9,0.2,2.2,20.41,65,1326.65,"PG","OKC",6.151578226,1.248940342,0.359921411,1.560436165,1.920357575,0.399435489,0.117233077,0.949809076,10.92961445
"47","Jordan McLaughlin",5,3.8,0.4,1.7,2.1,1,0.1,1,15.52,51,791.52,"PG","MIN",8.372443306,3.949093904,0.329061409,1.637366499,1.966427908,0.964021725,0.146734983,1.080432791,18.90763498
"48","Justise Winslow",6.8,1.9,0.7,3.8,4.5,0.6,0.5,1.4,16.95,26,440.7,"SF","MEM",11.98135833,3.843520032,1.358471598,4.664011471,6.022483069,0.661413835,0.390036349,1.914390544,26.21357807
"49","Miye Oni",1.9,0.5,0.4,1.1,1.5,0.2,0.1,0.3,5.05,54,272.7,"SG","UTA",5.039084926,0.685203303,0.539729955,1.408233845,1.9479638,0.436579432,0.265418955,0.481389792,10.02905181
"50","Isaiah Joe",3.7,0.5,0.1,0.7,0.8,0.3,0.1,0.3,6.31,41,258.71,"SG","PHI",2.846237099,0.460322666,-0.114919248,0.643833071,0.528913823,0.364272617,0.018616254,-0.081241664,5.401325961
"51","Amir Coffey",3.2,0.5,0.2,0.8,1,0.2,0,0.3,5.45,44,239.8,"SG","LAC",4.17612936,1.069530222,0.290575934,1.072416768,1.362992702,0.38287133,0.181337233,0.546388174,8.56225345
"52","Furkan Korkmaz",9.1,1.5,0.3,1.7,2,0.9,0.2,0.8,16.25,55,893.75,"SG","PHI",10.65217261,1.365281461,0.33462511,2.036448095,2.371073206,0.488431016,0.224150769,0.878611595,16.8045164
"53","Shake Milton",13,3.1,0.5,1.8,2.3,0.6,0.3,1.6,21.51,63,1355.13,"SG","PHI",10.92412918,2.744394995,0.44489122,1.948134104,2.393025323,0.50778394,0.227205417,1.220695313,18.89662482
"54","Lauri Markkanen",13.6,0.9,0.7,4.6,5.3,0.5,0.3,1,22.71,51,1158.21,"PF","CHI",15.61279176,1.715355858,1.154174227,4.934434907,6.088609134,0.696680157,0.552198667,1.299478961,27.93931402
"55","Luke Kennard",8.3,1.7,0.2,2.3,2.5,0.4,0.1,0.8,14.55,63,916.65,"SG","LAC",15.19090841,3.995608871,0.354943051,3.111044061,3.465987111,0.463707389,0.241207779,1.521081114,25.93717064
"56","Bam Adebayo",18.7,5.4,2.2,6.7,8.9,1.2,1,2.6,41.48,64,2654.72,"C","MIA",17.07114608,4.839988679,2.195138219,7.40038183,9.59552005,0.998783399,1.150337734,2.513171602,39.77994496
"57","Obi Toppin",4.1,0.5,0.4,1.8,2.2,0.3,0.2,0.4,8.59,62,532.58,"PF","NYK",8.663160854,1.870498112,0.780695634,2.996604674,3.777300307,0.607217459,0.510506863,1.38625036,17.968591
"58","Steven Adams",7.6,1.9,3.7,5.2,8.9,0.9,0.7,1.3,24.63,58,1428.54,"C","NOP",11.63412356,1.881769473,3.024512194,5.440521074,8.465033268,0.754978808,0.964341769,1.252248479,28.52053095
"59","Ricky Rubio",8.6,6.4,0.4,2.9,3.3,1.4,0.1,1.6,25.06,68,1704.08,"PG","MIN",12.33650946,8.204383339,0.755795299,3.742746728,4.498542027,1.374298902,0.157391602,2.610658391,32.02574802
"60","Seth Curry",12.5,2.7,0.2,2.2,2.4,0.8,0.1,1.1,21.03,57,1198.71,"SG","PHI",11.35779329,1.734485643,0.419996295,1.837083485,2.25707978,0.585924824,0.115117121,1.032085046,17.73905828
"61","Jusuf Nurkić",11.5,3.4,2.3,6.6,8.9,1,1.1,2,31.58,37,1168.46,"C","POR",16.10642577,3.244812554,2.635459989,6.890451799,9.525911788,1.184557749,1.638113724,2.296571262,38.5761819
"62","Jared Dudley",0.5,0.4,0.3,1.4,1.7,0.1,0.1,0.2,3.54,12,42.48,"PF","LAL",1.11606498,0.784398792,0.204848754,1.446234152,1.651082906,0.386398281,0.12473067,0.184985159,5.622364349
"63","Glenn Robinson III",5.3,0.9,0.5,1.5,2,0.2,0.1,0.5,9.45,23,217.35,"SF","SAC",9.452282622,1.238734425,1.10792909,2.555134599,3.663063688,0.739933921,0.228355012,0.824637644,17.78628984
"64","Mamadi Diakite",3.1,0.6,0.6,1.9,2.5,0.5,0.4,0.2,9.5,14,133,"PF","MIL",NA,NA,NA,NA,NA,NA,NA,NA,NA
"65","Willie Cauley-Stein",5.3,0.7,1.2,3.2,4.4,0.4,0.8,0.5,14.73,53,780.69,"C","DAL",7.554188448,1.348557056,1.451754917,4.069392968,5.521147884,0.858099165,0.918161294,0.663883893,20.86729898
"66","Frank Kaminsky",6.6,1.7,0.8,3.2,4,0.3,0.4,0.5,15.55,47,730.85,"C","PHO",10.24162,1.852976478,0.746512181,3.120432953,3.866945134,0.369429794,0.296275873,0.747246867,18.91128901
"67","Saben Lee",5.6,3.6,0.4,1.6,2,0.7,0.3,1.1,15.3,48,734.4,"PG","DET",6.516538012,2.748029771,0.392245516,2.070268574,2.462514091,0.745884411,0.125681061,1.189363491,15.0189325
"68","Patrick McCaw",1,0.8,0.2,0.4,0.6,0.4,0,0,4.12,5,20.6,"SF","TOR",5.250762248,1.791779773,0.517289659,1.662527112,2.17981677,0.855728232,0.162855823,0.695733338,12.91423086
"69","Brook Lopez",12.3,0.7,1.5,3.5,5,0.6,1.5,0.9,24.75,70,1732.5,"C","MIL",11.33324202,1.610917908,1.125484975,4.540543124,5.6660281,0.823573965,2.064019924,1.268452506,27.94318177
"70","Josh Jackson",13.4,2.3,0.9,3.2,4.1,0.9,0.8,2.3,24.57,62,1523.34,"SG","DET",11.80130724,2.447551524,0.659533915,2.862908667,3.522442582,0.853930192,0.401811613,1.580024051,21.88676699
"71","Abdel Nader",6.7,0.8,0.3,2.3,2.6,0.4,0.4,0.8,12.62,24,302.88,"SF","PHO",6.817172296,0.771223363,0.276060858,1.643749199,1.919810057,0.365319737,0.364148839,0.829919375,11.63626576
"72","Ty Jerome",10.7,3.6,0.3,2.5,2.8,0.6,0.2,1.4,20.46,33,675.18,"SG","OKC",6.272057191,2.021685323,0.322653693,1.741769339,2.064423032,0.599736696,0.180352321,0.944200189,13.17795968
"73","Danuel House",8.8,1.9,0.5,3.2,3.7,0.6,0.4,1,18.09,36,651.24,"SF","HOU",11.84938211,2.089812444,0.913263513,3.945642468,4.858905981,1.009912237,0.473512946,1.407068592,23.85799491
"74","Anderson Varejão",2.6,0.6,1.4,2.6,4,0,0.4,0.2,9.3,5,46.5,"C","CLE",2.05058773,0.434374738,2.241556627,4.57073075,6.812287377,0.78296088,0.579905989,1.106000708,13.85949459
"75","Sam Merrill",3,0.7,0.2,0.8,1,0.3,0,0.3,5.85,30,175.5,"SG","MIL",3.635076465,1.593279,-0.068569516,0.465989641,0.397420125,0.241165375,0.005935601,0.651108634,6.592093412
"76","Frank Jackson",9.8,0.9,0.4,1.8,2.2,0.4,0,0.9,14.09,40,563.6,"PG","DET",9.09216228,1.747825289,0.523322043,1.531479388,2.054801431,0.468687975,0.171296374,1.15702281,14.94259217
"77","Kristaps Porziņģis",20.1,1.6,1.9,7,8.9,0.5,1.3,1.2,37.38,43,1607.34,"C","DAL",20.46404109,1.865192741,1.633003862,6.956621155,8.589625017,0.668525576,1.763073784,1.498956741,39.36522156
"78","Jrue Holiday",17.7,6.1,1.2,3.3,4.5,1.6,0.6,2.2,36.65,59,2162.35,"PG","MIL",16.436437,6.486897577,1.23295936,3.517183764,4.750143124,1.491888455,0.655070462,2.784279999,35.52355187
"79","Gabe Vincent",4.8,1.3,0.2,0.9,1.1,0.4,0,0.7,8.57,50,428.5,"PG","MIA",4.491806157,0.906476099,0.118976517,0.952224412,1.07120093,0.58849922,0.097770899,0.178123761,9.017648017
"80","Pascal Siakam",21.4,4.5,1.7,5.5,7.2,1.1,0.7,2.3,39.89,56,2233.84,"PF","TOR",20.4981247,2.894606069,1.100730413,5.857152051,6.957882464,0.875900291,0.798577933,2.15395209,36.05897534
"81","Jarrell Brantley",2.3,0.5,0.3,0.6,0.9,0.3,0.1,0.3,5.03,28,140.84,"PF","UTA",3.959586179,1.346559212,0.284622319,2.169343806,2.453966124,0.353845043,0.600211722,0.809416402,10.97693824
"82","Cassius Winston",1.9,0.5,0,0.4,0.4,0.1,0,0.2,3.23,22,71.06,"PG","WAS",3.280260149,3.276720779,-0.119721185,1.114346451,0.994625266,0.370142045,0.032117608,0.596142603,9.999527993
"83","Max Strus",6.1,0.6,0.1,0.9,1,0.3,0.1,0.2,9.2,39,358.8,"SF","MIA",4.614266399,0.295780786,0.543247961,0.492392746,1.035640706,0.125023905,0.115660265,0.097117951,6.925640983
"84","Derrick Favors",5.4,0.6,2,3.5,5.5,0.5,1,0.5,16.9,68,1149.2,"C","UTA",8.395354304,1.3803222,2.802627485,5.505041228,8.307668713,0.543955924,0.874656191,1.041924046,23.64895236
"85","Giannis Antetokounmpo",28.1,5.9,1.6,9.4,11,1.2,1.2,3.4,53.95,61,3290.95,"PF","MIL",27.00177619,5.542686331,2.034050529,9.716058094,11.75010862,0.968500073,0.92992063,3.255102857,51.85609529
"86","Kawhi Leonard",24.8,5.2,1.1,5.4,6.5,1.6,0.4,2,44.4,52,2308.8,"SF","LAC",23.81152115,4.209867233,0.8502387,5.42562633,6.275865031,1.598151598,0.610918885,2.182705459,42.10186603
"87","Vernon Carey Jr.",2.4,0.1,0.3,1.1,1.4,0.1,0.3,0.3,5.13,19,97.47,"C","CHO",5.44911113,0.89832812,1.003892581,2.453899954,3.457792535,0.490365227,0.494392467,0.755980126,13.14424731
"88","Carmelo Anthony",13.4,1.5,0.5,2.6,3.1,0.7,0.6,0.9,22.37,69,1543.53,"PF","POR",13.54719206,1.069616775,1.225166996,4.783338557,6.008505553,0.76059887,0.450066717,1.824518099,24.16930254
"89","Donta Hall",5.6,0.8,1.8,2.9,4.7,0.4,0.8,0.6,15.44,13,200.72,"PF","ORL",7.755835671,1.12823669,1.603934764,3.435035705,5.038970469,0.428179862,0.693726521,0.961735394,17.89893902
"90","Charlie Brown",4.4,1,0.3,1.6,1.9,0.4,0.2,0.7,9.28,9,83.52,"SG","OKC",5.233954152,0.976883377,0.32103828,0.962459216,1.283497496,0.370465208,0.269714651,0.708674927,9.451340862
"91","Andre Roberson",1.2,0.8,1.4,1.6,3,0.6,0.2,0.4,8,5,40,"SG","BRK",4.075108322,0.99362739,1.000890844,3.136193983,4.137084827,0.324508505,0.445699409,0.474927806,12.36574714
"92","PJ Dozier",7.7,1.8,0.7,2.9,3.6,0.6,0.4,0.9,16.82,50,841,"SG","DEN",7.128025069,2.314665167,0.338496368,1.741328225,2.079824593,0.438310865,0.227492869,1.199009552,13.89421398
"93","Darius Miller",4.1,1.2,0.1,1.2,1.3,0.7,0.3,0.4,10.06,18,181.08,"SF","OKC",7.336151907,1.67345678,0.321168686,2.323877224,2.64504591,0.595326873,0.295399727,1.079642606,14.61292936
"94","Darius Bazley",13.7,1.8,0.9,6.3,7.2,0.5,0.5,2.2,25.84,55,1421.2,"PF","OKC",8.820321283,1.509671191,0.561617609,3.686108135,4.247725744,0.517730792,0.684060496,1.050548874,18.73692395
"95","James Ennis",8.4,1.5,1,3,4,0.8,0.2,0.9,17.55,41,719.55,"SF","ORL",7.729347838,1.139452433,1.069645743,3.094078595,4.163724338,0.611866518,0.317128638,0.976870789,16.24511037
"96","Chris Boucher",13.6,1.1,2,4.8,6.8,0.6,1.9,0.8,30.11,60,1806.6,"C","TOR",5.621892288,0.068192943,1.453994602,2.836322772,4.290317374,0.385031521,0.746027057,0.434823181,13.8309151
"97","Lonzo Ball",14.6,5.7,0.6,4.2,4.8,1.5,0.6,2.2,33.01,55,1815.55,"PG","NOP",13.21162526,6.811338875,1.076893461,4.600943152,5.677836613,1.288569138,0.562114394,2.578998926,33.21508918
"98","Grant Williams",4.7,1,0.8,2.1,2.9,0.5,0.4,0.9,11.48,63,723.24,"PF","BOS",5.424697024,1.346392803,0.956141502,2.222827426,3.178968929,0.447665097,0.491098127,0.799366392,13.27597223
"99","Rudy Gay",11.4,1.4,0.7,4.1,4.8,0.7,0.6,1,22.16,63,1396.08,"PF","SAS",10.56317836,1.360332105,0.929871535,4.124165166,5.054036702,0.642369719,0.499780822,1.300300603,20.79467158
"100","Naji Marshall",7.7,2.8,0.5,4.2,4.7,0.8,0.3,1.2,19.64,32,628.48,"SF","NOP",NA,NA,NA,NA,NA,NA,NA,NA,NA
"101","Terrance Ferguson",0.2,0.2,0,0.1,0.1,0.1,0,0.3,0.62,13,8.06,"SG","PHI",6.089366528,1.163276564,0.438300802,1.082898902,1.521199704,0.49049143,0.271816756,0.620288434,11.32635714
"102","Tim Hardaway Jr.",16.6,1.8,0.3,3,3.3,0.4,0.2,0.9,24.16,70,1691.2,"SG","DAL",14.83890731,1.754448678,0.401997214,2.49740405,2.899401264,0.591447482,0.127042766,0.907008097,22.19832449
"103","Yuta Watanabe",4.4,0.8,0.7,2.5,3.2,0.5,0.4,0.4,11.74,50,587,"SF","TOR",3.193659503,0.228072684,0.497717651,1.09911287,1.596830521,0.330985339,0.162316661,0.13610333,6.795767822
"104","Adam Mokoka",1.1,0.4,0.1,0.3,0.4,0.1,0.1,0.4,2.38,14,33.32,"SG","CHI",4.253226248,0.646494576,0.651955686,0.873196406,1.525152092,0.432926729,0.129205013,0.256862996,8.482682853
"105","Josh Okogie",5.4,1.1,1.1,1.6,2.7,0.9,0.5,0.7,13.79,59,813.61,"SG","MIN",10.25527252,1.77755563,1.351094776,2.933890495,4.284985271,0.968211531,0.396089561,1.436952763,20.71953881
"106","Keldon Johnson",12.8,1.8,1.3,4.6,5.9,0.6,0.3,1.1,24.18,69,1668.42,"SF","SAS",11.26825919,1.048300869,0.649542383,2.69934948,3.348891862,0.763865201,0.186609473,0.855626373,18.85517838
"107","Theo Pinson",0.1,0.1,0,0.3,0.3,0,0,0.1,0.51,17,8.67,"SG","NYK",4.504740183,1.577279726,0.35063561,1.312218994,1.662854604,0.495704355,0.139397696,0.84466544,9.926726011
"108","Joel Embiid",28.5,2.8,2.2,8.4,10.6,1,1.4,3.1,49.52,51,2525.52,"C","PHI",24.07004157,3.087862791,2.518887753,7.862851688,10.38173944,0.71448488,1.321940902,3.119916184,44.14928425
"109","Onyeka Okongwu",4.6,0.4,1.2,2,3.2,0.5,0.7,0.6,12.04,50,602,"C","ATL",8.16868603,1.050163832,1.437957031,2.945789871,4.383746903,0.716409695,0.928298774,1.122498258,18.81605521
"110","Mychal Mulder",5.6,0.4,0.1,0.9,1,0.2,0.2,0.3,8.3,60,498,"PG","GSW",10.62543274,1.102045072,0.512916875,2.762537845,3.27545472,0.352422388,0.181661034,0.740123955,17.07117232
"111","Marcus Morris",13.4,1,0.6,3.5,4.1,0.6,0.3,1,21.52,57,1226.64,"PF","LAC",14.07474924,1.281383414,0.924248973,3.975465265,4.899714238,0.771334195,0.471989933,1.534946058,24.07150777
"112","Karl-Anthony Towns",24.8,4.5,2.7,7.9,10.6,0.8,1.1,3.2,46.77,50,2338.5,"C","MIN",25.47741947,4.151854092,2.595244021,7.580843959,10.17608798,0.783539685,1.148718059,2.756632471,46.95664694
"113","Eric Bledsoe",12.2,3.8,0.4,3,3.4,0.8,0.3,1.6,23.68,71,1681.28,"SG","NOP",14.61934216,4.592893388,0.709550598,3.474206132,4.183756731,0.917938668,0.346526843,2.138327996,28.18425885
"114","Jalen Brunson",12.6,3.5,0.4,3,3.4,0.5,0,1.2,22.23,68,1511.64,"PG","DAL",9.118945191,3.12946644,0.467894357,1.84470438,2.312598737,0.453625891,0.161020829,1.13835432,17.29384917
"115","Paul Millsap",9,1.8,1.4,3.3,4.7,0.9,0.6,0.9,20.94,56,1172.64,"PF","DEN",10.01572007,1.513856131,1.774500007,3.552766081,5.327266089,0.856591549,0.615099728,1.482888473,21.61140894
"116","DeMar DeRozan",21.6,6.9,0.7,3.6,4.3,0.9,0.2,2,38.41,61,2343.01,"PF","SAS",21.33904034,4.889577443,0.644741156,4.373466892,5.018208047,0.959569854,0.307903123,2.159635124,36.33803997
"117","Kenrich Williams",8,2.3,1.3,2.9,4.2,0.8,0.3,1.2,18.59,66,1226.94,"PF","OKC",5.562887243,2.031433834,1.266834895,3.618227668,4.885062563,0.757355516,0.500991113,0.96257466,17.2845783
"118","Dejounte Murray",15.7,5.4,0.9,6.2,7.1,1.5,0.1,1.7,35.42,67,2373.14,"PG","SAS",11.4871547,3.758718351,0.975091292,4.306072028,5.28116332,1.375775544,0.394653411,1.814725881,26.9591892
"119","Robert Williams",8,1.8,2.6,4.3,6.9,0.8,1.8,1,25.78,52,1340.56,"C","BOS",7.042294039,1.283802133,1.456412775,3.626225293,5.082638067,0.787348079,1.105338525,0.876221396,19.86900134
"120","Alec Burks",12.7,2.2,0.4,4.2,4.6,0.6,0.3,1,23.22,49,1137.78,"SG","NYK",13.61228669,2.441453473,0.65425899,3.047171505,3.701430496,0.786769385,0.25800061,1.218986438,23.63150704
"121","Jonas Valančiūnas",17.1,1.8,4.1,8.4,12.5,0.6,0.9,1.6,37.7,62,2337.4,"C","MEM",13.99386787,1.705734546,2.705767952,7.273344335,9.979112287,0.383131307,0.93155896,1.644153058,30.82732218
"122","Willy Hernangómez",7.8,1.1,2.5,4.6,7.1,0.5,0.5,0.7,20.27,47,952.69,"C","NOP",7.874588251,0.874418967,1.343657998,2.697466943,4.041124942,0.319959573,0.218426526,0.799377936,14.85134699
"123","Alize Johnson",5.2,0.8,1.5,3.5,5,0.3,0.3,0.5,13.7,18,246.6,"PF","BRK",4.94461738,0.967243902,1.028069021,2.560045159,3.58811418,0.34705286,0.232995901,0.785705685,11.65566085
"124","Tobias Harris",19.5,3.5,1,5.8,6.8,0.9,0.8,1.7,36.31,62,2251.22,"PF","PHI",18.81888821,2.9954914,0.969941105,5.48211952,6.452060625,0.688365541,0.53537481,1.413094121,33.31272499
"125","Elijah Bryant",16,3,2,4,6,0,1,4,26.7,1,26.7,"SG","MIL",NA,NA,NA,NA,NA,NA,NA,NA,NA
"126","Dwayne Bacon",10.9,1.3,0.4,2.7,3.1,0.6,0.1,0.6,18.07,72,1301.04,"SG","ORL",8.029930608,1.761466292,0.509514925,2.793739355,3.30325428,0.611344839,0.16738361,1.034474127,15.9377464
"127","Hassan Whiteside",8.1,0.6,1.7,4.3,6,0.3,1.3,1.1,19.9,36,716.4,"C","SAC",12.23436079,0.852403655,3.350375378,8.970677909,12.32105329,0.479676775,2.28962,1.604863857,35.00125668
"128","Trevor Ariza",9.4,1.8,0.9,3.9,4.8,1,0.6,0.7,21.96,30,658.8,"SF","MIA",6.665616741,1.119108345,0.58433855,3.650847722,4.235186272,1.176836689,0.346213061,0.943974379,17.05167766
"129","Markieff Morris",6.7,1.2,0.8,3.6,4.4,0.4,0.3,0.9,14.98,61,913.78,"PF","LAL",8.450527887,1.543093169,0.709330997,3.161763136,3.871094133,0.508602042,0.335330307,1.223183604,16.71909404
"130","Jared Harper",0.4,0.1,0,0.3,0.3,0,0,0.4,0.51,8,4.08,"PG","NYK",2.294511117,0.162208694,0.09455842,0.295163166,0.389721586,0.114176948,0.070399309,0.031357164,3.527861668
"131","Matthew Dellavedova",2.8,4.5,0.5,1.4,1.9,0.3,0.1,0.5,12.53,13,162.89,"PG","CLE",4.186901321,3.126669343,0.42532679,1.344659954,1.769986744,0.437057991,0.100543806,0.95456948,11.65912534
"132","Tyler Johnson",5.4,1.2,0.2,1.8,2,0.4,0,0.4,10.4,39,405.6,"SG","BRK",8.686135639,2.234702583,0.555586532,2.045117733,2.600704265,0.528622576,0.291078339,0.867622684,16.75051469
"133","Tim Frazier",1.6,3.2,0,1.6,1.6,0.4,0.2,0.8,9.32,5,46.6,"PG","MEM",4.339807935,3.352721526,0.348015022,1.111795728,1.459810749,0.533575219,0.077241347,1.289779881,11.66333294
"134","Brandon Clarke",10.3,1.6,1.6,3.9,5.5,1,0.9,0.6,24.4,59,1439.6,"PF","MEM",13.12390549,1.592239623,1.56693697,4.44439917,6.01133614,0.618494251,0.735473288,1.08357056,25.70420035
"135","Bojan Bogdanović",17,1.9,0.6,3.3,3.9,0.6,0.1,1.8,24.83,72,1787.76,"SF","UTA",17.96109941,1.642827845,0.584774441,2.973594202,3.558368643,0.462678474,0.152337164,2.160048743,24.38038171
"136","Dean Wade",6,1.2,0.6,2.8,3.4,0.6,0.3,0.5,14.08,63,887.04,"PF","CLE",3.901534875,0.479478828,0.463677705,1.793392231,2.257069937,0.3059655,0.387683454,0.448043305,8.962140598
"137","Caleb Martin",5,1.3,0.6,2.1,2.7,0.7,0.2,0.6,12.29,53,651.37,"SF","CHO",6.772021655,1.329891144,0.622121837,1.820969741,2.443091577,0.673202341,0.422254879,0.800310004,14.18462992
"138","OG Anunoby",15.9,2.2,1.3,4.3,5.6,1.5,0.7,1.7,30.82,43,1325.26,"SF","TOR",11.0893711,1.331885207,1.108548883,3.903425683,5.011974565,1.154927131,0.587133104,0.90208345,23.42566564
"139","Naz Reid",11.2,1,1.2,3.4,4.6,0.5,1.1,1,22.02,70,1541.4,"C","MIN",10.11752044,1.439676278,1.072040223,3.028868651,4.100908874,0.568701401,0.651068526,0.838673419,20.01876187
"140","Trey Burke",6.6,1.3,0.2,0.7,0.9,0.6,0.1,0.5,11.23,62,696.26,"PG","DAL",8.10984226,2.580091142,0.480052508,1.089324241,1.569376749,0.513688941,0.116097761,0.599983617,15.15260756
"141","Patrick Beverley",7.5,2.1,0.8,2.4,3.2,0.8,0.8,0.9,18.39,37,680.43,"PG","LAC",6.559761056,3.191283591,1.024369794,3.778054804,4.802424598,1.05069075,0.499595243,1.234179919,20.52627402
"142","Damyean Dotson",6.7,2,0.1,1.9,2,0.3,0.1,0.9,12.4,46,570.4,"SG","CLE",7.402146336,1.281829978,0.326658461,1.945780597,2.272439058,0.488458011,0.175555703,0.520560323,13.52329899
"143","Rayjon Tucker",2.4,0.4,0.1,0.7,0.8,0.1,0,0.3,3.96,14,55.44,"PG","PHI",6.058681156,0.744650008,0.275309756,1.221830633,1.497140388,0.199440246,0.156606937,0.555843361,9.484522824
"144","Mike Conley",16.2,6,0.7,2.8,3.5,1.4,0.2,1.9,32.3,51,1647.3,"PG","UTA",13.05530408,4.483454061,0.661039492,2.323414767,2.984454258,0.918244943,0.110147272,1.979409178,24.46759774
"145","Patty Mills",10.8,2.4,0.3,1.4,1.7,0.6,0,1,17.24,68,1172.32,"PG","SAS",10.27800949,1.396866178,0.356324967,1.311822042,1.668147009,0.745879346,0.143500537,0.848753555,16.19447126
"146","Trae Young",25.3,9.4,0.6,3.3,3.9,0.8,0.2,4.1,42.98,63,2707.74,"PG","ATL",28.84998141,8.733825039,0.512665229,3.187581752,3.70024698,0.991223359,0.103334047,4.145231825,45.52945573
"147","Monte Morris",10.2,3.2,0.2,1.8,2,0.7,0.3,0.7,19.7,47,925.9,"PG","DEN",8.828706841,3.397006329,0.307364617,1.477674514,1.785039131,0.792968671,0.175157094,0.859227461,18.11141313
"148","Killian Hayes",6.8,5.3,0.2,2.4,2.6,1,0.4,3.2,18.87,26,490.62,"PG","DET",9.010638281,3.191363328,0.592143868,2.95315949,3.545303359,0.82331062,0.304152426,1.520319253,19.91411719
"149","Brandon Ingram",23.8,4.9,0.6,4.3,4.9,0.7,0.6,2.5,38.43,61,2344.23,"SF","NOP",23.45300575,4.054439629,0.759320683,4.781052014,5.540372697,0.866912412,0.559163517,2.468982807,37.99235741
"150","Frank Ntilikina",2.7,0.6,0.2,0.8,1,0.5,0.1,0.3,6.3,33,207.9,"PG","NYK",7.509605121,2.961997346,0.391995242,1.579249695,1.971244937,0.807600814,0.252464977,1.060505527,16.43778691
"151","Reggie Jackson",10.7,3.1,0.4,2.5,2.9,0.6,0.1,1.1,19.83,67,1328.61,"SG","LAC",10.18909175,3.900522137,0.472255351,2.359484708,2.831740059,0.472059353,0.201331949,1.585233222,19.8729037
"152","Bryn Forbes",10,0.6,0.2,1.4,1.6,0.3,0,0.6,13.12,70,918.4,"SG","MIL",9.709653802,1.715670613,0.304754047,1.654693286,1.959447333,0.476794866,0.049936368,0.889806739,15.32488348
"153","Precious Achiuwa",5,0.5,1.2,2.2,3.4,0.3,0.5,0.7,11.53,61,703.33,"PF","MIA",6.337632025,1.041508556,1.023463792,2.666468772,3.689932564,0.588119484,0.548869273,1.206701193,14.53207902
"154","Coby White",15.1,4.8,0.4,3.7,4.1,0.6,0.2,2.3,27.32,69,1885.08,"PG","CHI",13.8197814,2.811633449,0.478322552,3.114226458,3.59254901,0.761043136,0.19413666,1.552943512,23.66088626
"155","T.J. Warren",15.5,1.3,0.5,3,3.5,0.5,0,1,22.15,4,88.6,"SF","IND",18.04776688,1.601738623,0.98881529,2.929845081,3.918660371,1.038332963,0.445785458,1.298102549,28.30701997
"156","Jaylen Hoard",6.1,1.3,1.1,2.3,3.4,0.7,0.3,0.9,14.23,19,270.37,"SF","OKC",6.459115306,1.145818371,1.083959291,1.805877389,2.88983668,0.528072991,0.096196815,0.709881055,12.80857524
"157","Devin Booker",25.6,4.3,0.5,3.7,4.2,0.8,0.2,3.1,36.99,67,2478.33,"SG","PHO",26.63501892,6.043730711,0.391479347,3.449168386,3.840647733,0.652579618,0.301138135,3.446666498,39.72387903
"158","Kevin Knox",3.9,0.5,0.2,1.2,1.4,0.3,0.1,0.4,7.13,42,299.46,"SF","NYK",7.505722357,0.976159337,0.430928832,2.279148502,2.710077334,0.414170314,0.392038363,0.598788272,14.04189192
"159","Dante Exum",3.8,2.2,0.3,2.5,2.8,0.7,0.3,1.2,12.26,6,73.56,"SG","CLE",6.660844757,1.605546632,0.418722696,1.840628639,2.259351335,0.439460392,0.262421102,0.956224486,12.9298063
"160","Timothé Luwawu-Cabarrot",6.4,1.2,0.5,1.7,2.2,0.6,0.1,0.7,12.24,58,709.92,"SF","BRK",9.654629968,1.249554368,0.617857814,2.419862165,3.037719979,0.454561866,0.19972614,1.030952819,16.10613669
"161","Jaylen Adams",0.3,0.3,0,0.4,0.4,0,0,0,1.23,7,8.61,"PG","MIL",NA,NA,NA,NA,NA,NA,NA,NA,NA
"162","Robin Lopez",9,0.8,2,1.8,3.8,0.2,0.6,1.1,16.06,71,1140.26,"C","WAS",4.237271921,0.461897811,0.92696574,1.740255728,2.667221468,0.187283339,0.727160542,0.799147243,10.0749688
"163","LeBron James",25,7.8,0.6,7,7.6,1.1,0.6,3.7,47.22,45,2124.9,"PG","LAL",21.68516995,9.109223672,0.961168224,6.351150905,7.312319129,1.129354837,0.50413159,3.483540579,45.54070711
"164","Matisse Thybulle",3.9,1,0.5,1.4,1.9,1.6,1.1,0.5,15.28,65,993.2,"SG","PHI",7.014719861,1.533845771,0.700833121,1.520859347,2.221692468,1.19878094,0.615012962,0.887168269,16.53573292
"165","Tony Snell",5.3,1.3,0.4,2,2.4,0.3,0.2,0.4,11.23,47,527.81,"SG","ATL",7.308372659,1.872205056,0.231086843,1.620898876,1.851985718,0.478835278,0.285270355,0.462494886,14.16888512
"166","Jeff Green",11,1.6,0.5,3.4,3.9,0.5,0.4,0.8,19.98,68,1358.64,"C","BRK",9.137971527,1.130834808,0.5675267,2.732326056,3.299852756,0.580292856,0.456280674,1.072272575,16.83149506
"167","Dorian Finney-Smith",9.8,1.7,1.6,3.8,5.4,0.9,0.4,0.8,21.93,60,1315.8,"PF","DAL",9.315980628,1.527305222,1.740427254,3.378646087,5.11907334,0.608407535,0.405434173,0.965829897,19.82552169
"168","Kemba Walker",19.3,4.9,0.4,3.6,4,1.1,0.3,2,33.65,43,1446.95,"PG","BOS",19.25721031,4.910392601,0.656341095,3.373621788,4.029962883,0.999220759,0.378378403,2.02570087,33.56585129
"169","Reggie Perry",3,0.5,1,1.8,2.8,0.2,0.2,0.6,7.71,26,200.46,"PF","BRK",3.308678245,0.548352341,0.878233836,1.531006581,2.409240417,0.365686746,0.317698727,0.580926139,8.491525539
"170","Marquese Chriss",6.5,1,1.5,5,6.5,0,1,1,17.8,2,35.6,"PF","GSW",10.40817899,1.834442117,1.753629464,4.131351856,5.884981319,0.675330733,0.992254521,1.191203627,24.03337189
"171","Georges Niang",6.9,0.8,0.4,2.1,2.5,0.3,0.1,0.7,11.6,72,835.2,"PF","UTA",5.480873041,0.625163281,0.235255414,1.519637045,1.754892459,0.286796974,0.151424104,0.5611128,9.278039346
"172","Julius Randle",24.1,6,1.2,9,10.2,0.9,0.3,3.4,45.54,71,3233.34,"PF","NYK",18.46981246,2.952374845,2.210955683,6.71824128,8.929196963,0.721848799,0.314045991,2.7708436,33.95025186
"173","Jarrett Culver",5.3,0.7,1,2.1,3.1,0.5,0.3,0.8,11.67,34,396.78,"SG","MIN",10.16818678,1.911510574,1.094130803,2.542888602,3.637019405,0.807797265,0.563145963,1.349324978,20.16338063
"174","Dāvis Bertāns",11.5,0.9,0.3,2.6,2.9,0.6,0.2,0.6,18.13,57,1033.41,"PF","WAS",12.98151111,1.469920331,0.615356168,3.522208181,4.137564348,0.619928532,0.558988902,1.057043542,22.63117759
"175","Isaac Okoro",9.6,1.9,1,2.1,3.1,0.9,0.4,1.3,18.77,67,1257.59,"SG","CLE",8.550233086,2.188661834,1.163253954,2.920586003,4.083839957,0.834556132,0.581125978,1.371293895,19.60958622
"176","Kendrick Nunn",14.6,2.6,0.4,2.8,3.2,0.9,0.3,1.4,24.54,56,1374.24,"PG","MIA",14.68735093,3.106747225,0.369284142,2.386183152,2.755467294,0.74527986,0.257201711,1.495347107,24.16613013
"177","Patrick Patterson",5.2,0.8,0.5,1.5,2,0.4,0.2,0.3,10.3,38,391.4,"PF","LAC",3.74290634,0.720499621,0.611417306,1.936535452,2.547952758,0.177694883,0.20950117,0.338689354,8.704097886
"178","Jerami Grant",22.3,2.8,0.6,4,4.6,0.6,1.1,2,35.12,54,1896.48,"SF","DET",13.18961314,1.92262374,0.884787342,2.866312987,3.75110033,0.650768708,0.823344609,1.18067198,23.81653711
"179","Robert Franks",6.1,0.7,0.9,1.1,2,0.4,0.4,0.3,11.65,7,81.55,"PF","ORL",NA,NA,NA,NA,NA,NA,NA,NA,NA
"180","Raul Neto",8.7,2.3,0.4,2,2.4,1.1,0.1,0.8,17.83,64,1141.12,"PG","WAS",5.000126635,1.631812826,0.308460859,1.118260563,1.426721422,0.436373216,0.126751368,0.803789677,10.04549565
"181","Tyrese Maxey",8,2,0.2,1.5,1.7,0.4,0.2,0.7,14.14,61,862.54,"SG","PHI",6.121799585,1.756718236,0.124789163,1.779279188,1.904068351,0.357226953,0.22919127,0.651024657,12.14998897
"182","Jaden McDaniels",6.8,1.1,0.8,2.9,3.7,0.6,1,0.7,16.99,63,1070.37,"PF","MIN",6.165911476,1.416918075,0.585310188,2.398173707,2.983483894,0.486356211,0.536268987,1.217047872,13.72229698
"183","Jae Crowder",10.1,2.1,0.5,4.2,4.7,0.8,0.5,0.9,21.89,60,1313.4,"PF","PHO",9.869165484,2.129937505,0.703410474,4.440085064,5.143495538,0.966558926,0.38075665,0.990186682,22.28802643
"184","Paul Reed",3.4,0.5,1.2,1.2,2.4,0.4,0.5,0.5,9.23,26,239.98,"PF","PHI",-1.488124182,-0.572512313,-0.398926585,-0.009869957,-0.408796541,-0.179374686,-0.008510477,-0.674534891,-2.7265691
"185","Kevin Love",12.2,2.5,0.7,6.8,7.5,0.6,0.1,1.5,25.55,25,638.75,"PF","CLE",16.76990146,2.811980139,1.153166726,7.999801716,9.152968441,0.607943722,0.376361433,2.290358977,32.63399028
"186","Lamar Stevens",4.1,0.6,0.6,1.8,2.4,0.4,0.3,0.6,9.38,40,375.2,"PF","CLE",NA,NA,NA,NA,NA,NA,NA,NA,NA
"187","Romeo Langford",3.1,0.7,0.7,1.3,2,0.3,0.3,0.6,7.75,18,139.5,"SG","BOS",5.151063284,0.854832425,0.627953269,1.490607947,2.118561216,0.373046719,0.32977238,0.477469579,10.6065731
"188","De'Anthony Melton",9.1,2.5,0.6,2.5,3.1,1.2,0.6,1.3,20.67,52,1074.84,"PG","MEM",9.333084455,2.85168523,0.711074022,2.889801481,3.600875503,1.127422917,0.273796591,1.369523897,20.76579753
"189","JaKarr Sampson",4.6,0.1,0.9,1.7,2.6,0.1,0.5,0.5,9.17,29,265.93,"PF","IND",5.411407635,0.875506238,0.599174554,1.884958589,2.484133143,0.440532977,0.410742552,0.574593471,11.68485988
"190","Anthony Lamb",5.5,1,1.1,1.8,2.9,0.3,0.2,0.8,11.18,24,268.32,"SF","HOU",NA,NA,NA,NA,NA,NA,NA,NA,NA
"191","Grant Riller",2.6,0.4,0,0.1,0.1,0.1,0,0.1,3.52,7,24.64,"PG","CHO",2.61333217,1.348251716,-0.071320175,0.971566311,0.900246136,0.52404548,0.035283112,0.372014792,7.021976092
"192","Deividas Sirvydis",2.1,0.3,0,1.5,1.5,0.1,0,0.3,4.35,20,87,"SG","DET",NA,NA,NA,NA,NA,NA,NA,NA,NA
"193","Terance Mann",7,1.6,0.8,2.8,3.6,0.4,0.2,0.6,14.92,67,999.64,"SG","LAC",3.539531269,1.494887979,0.285476757,1.381386519,1.666863276,0.385760587,0.178000324,0.553956372,8.919425528
"194","Donte DiVincenzo",10.4,3.1,1.2,4.5,5.7,1.1,0.2,1.4,24.39,66,1609.74,"SG","MIL",9.334516105,2.423812609,0.997255401,3.541623005,4.538878406,1.1979694,0.282248033,1.310782573,21.54675883
"195","Paul George",23.3,5.2,0.8,5.8,6.6,1.1,0.4,3.3,40.22,54,2171.88,"SF","LAC",18.92830168,3.460102696,0.501072151,4.733640633,5.234712785,1.290079425,0.405877323,2.383388718,33.1045926
"196","Bradley Beal",31.3,4.4,1.2,3.5,4.7,1.2,0.4,3.1,45.24,60,2714.4,"SG","WAS",28.55436074,5.531689138,0.936012745,3.308965422,4.244978167,1.105838234,0.396158231,2.920375979,43.53148167
"197","Chuma Okeke",7.8,2.2,0.9,3.1,4,1.1,0.5,0.8,19.9,45,895.5,"PF","ORL",NA,NA,NA,NA,NA,NA,NA,NA,NA
"198","Ed Davis",2.1,0.9,2,3,5,0.6,0.6,0.3,12.75,23,293.25,"C","MIN",2.308188753,0.439946239,1.3310052,2.401070073,3.732075273,0.337941326,0.391222756,0.527467088,9.106623598
"199","Mikal Bridges",13.5,2.1,1.1,3.2,4.3,1.1,0.9,0.8,27.01,72,1944.72,"SF","PHO",9.801654523,1.90563529,0.883340678,3.089840241,3.973180919,1.188979696,0.555718778,1.043785793,21.61823419
"200","Jalen Smith",2,0.1,0.3,1.1,1.4,0,0.2,0.3,4.13,27,111.51,"PF","PHO",7.312826401,0.888450761,1.050356948,2.776767803,3.827124751,0.480458354,0.659474696,0.882113387,15.77573801
"201","Maxi Kleber",7.1,1.4,0.9,4.3,5.2,0.5,0.7,0.6,18.44,50,922,"PF","DAL",8.307886015,1.031669927,1.322651538,3.500752348,4.823403886,0.390363134,0.896753546,0.724854419,18.77997119
"202","Denzel Valentine",6.5,1.7,0.4,2.8,3.2,0.5,0.1,0.7,13.99,62,867.38,"SG","CHI",7.042457532,1.441443967,0.376426129,2.145638475,2.522064604,0.655946142,0.250141909,0.56338813,14.38597703
"203","Luka Šamanić",3.7,0.5,0.5,1.6,2.1,0.2,0.2,0.6,7.57,33,249.81,"PF","SAS",7.925458361,2.062833435,0.395636654,3.079403634,3.475040288,0.136923895,0.707922613,0.783097301,16.94119908
"204","Kira Lewis Jr.",6.4,2.3,0.2,1.1,1.3,0.7,0.2,0.6,13.51,54,729.54,"PG","NOP",7.225526597,2.277684206,0.332772347,2.220437447,2.553209794,0.670381313,0.292948733,1.106654456,15.48924034
"205","Anthony Tolliver",1.5,0.2,0.3,0.6,0.9,0.3,0.2,0.3,4.08,11,44.88,"PF","PHI",3.49475029,0.549653118,0.621709927,2.231676077,2.853386005,0.312642291,0.225265655,0.590485503,8.766531508
"206","Vincent Poirier",0.8,0.2,0.6,0.8,1.4,0,0.3,0.4,3.28,10,32.8,"C","PHI",3.545530211,0.668953013,0.608988615,1.697181386,2.306170001,0.194086094,0.402623889,0.552027258,8.554466422
"207","Vlatko Čančar",2.1,0.3,0.3,1,1.3,0.3,0,0.3,4.71,41,193.11,"PF","DEN",3.670725487,0.622566306,0.449180282,0.748391911,1.197572193,0.226661373,0.162575346,0.488056611,6.721315125
"208","Domantas Sabonis",20.3,6.7,2.4,9.5,11.9,1.2,0.5,3.4,46.33,62,2872.46,"PF","IND",18.11723566,4.721503072,2.659617299,8.004322668,10.66393997,0.716086997,0.45275288,2.575525143,38.92721271
"209","De'Andre Hunter",15,1.9,0.7,4,4.7,0.8,0.5,1.3,26.09,23,600.07,"SF","ATL",12.064452,1.823427302,0.691487243,3.37075702,4.062244263,0.657615081,0.301749376,1.428225961,21.12415347
"210","Cedi Osman",10.4,2.9,0.6,2.8,3.4,0.9,0.2,1.4,20.73,59,1223.07,"SF","CLE",10.6868584,2.263614413,0.675908549,2.967372097,3.643280646,0.741690805,0.232193775,1.407900449,19.96797008
"211","Derrick Jones Jr.",6.8,0.8,1.3,2.2,3.5,0.6,0.9,0.6,16.1,58,933.8,"SF","POR",8.6588992,0.969444152,1.119649275,2.682075,3.801724275,0.791872579,0.57519616,0.550445609,18.22589516
"212","Bruno Fernando",1.5,0.3,0.5,1.9,2.4,0.1,0.1,0.6,4.83,33,159.39,"C","ATL",5.302385914,1.058109305,1.053852123,1.977166607,3.03101873,0.329659467,0.286213495,0.701482463,11.67290877
"213","Collin Sexton",24.3,4.4,1,2.2,3.2,1,0.2,2.8,35.54,60,2132.4,"SG","CLE",21.07861343,3.047021974,0.975588009,2.393125616,3.368713625,0.968651834,0.188651166,2.27756737,30.88594437
"214","Josh Green",2.6,0.7,0.7,1.3,2,0.4,0.1,0.4,7.15,39,278.85,"SG","DAL",5.30051271,1.623680567,0.531589315,2.28502066,2.816609975,0.743463204,0.209190014,0.836082308,13.13784288
"215","Ersan İlyasova",3.8,0.2,0.4,1.3,1.7,0.6,0.2,0.5,8.04,17,136.68,"PF","UTA",5.936010043,0.513134166,1.004683232,3.45626762,4.460950853,0.440887503,0.322887144,0.450940122,13.89923613
"216","Buddy Hield",16.6,3.6,0.4,4.3,4.7,0.9,0.4,1.8,29.74,71,2111.54,"SG","SAC",17.38698286,2.800020304,0.739461799,3.559229812,4.298691611,0.813290831,0.18786253,2.150437223,27.59846611
"217","DeAndre Jordan",7.5,1.6,2.1,5.4,7.5,0.3,1.1,1.5,21.6,57,1231.2,"C","BRK",8.192912642,1.771089487,2.378401059,7.100781799,9.479182858,0.340687021,1.00405788,1.355790558,24.90301045
"218","Immanuel Quickley",11.4,2,0.4,1.8,2.2,0.5,0.2,0.9,18.24,64,1167.36,"PG","NYK",4.982059916,1.291188738,0.187185561,1.905304674,2.092490236,0.429524523,0.19044764,0.827429697,10.4623181
"219","Mo Bamba",8,0.8,1.7,4.1,5.8,0.3,1.3,0.8,20.16,46,927.36,"C","ORL",8.593866306,1.435590694,1.602005103,4.223836896,5.825841998,0.50943592,1.295019999,1.035430947,22.11619956
"220","P.J. Washington",12.9,2.5,1.5,5.1,6.6,1.1,1.2,2,29.47,64,1886.08,"PF","CHO",13.40652733,2.297203003,1.055526309,4.45975546,5.515281769,0.869309601,0.780289611,1.64722427,26.77224332
"221","Jay Scrubb",8.8,0.3,0.5,3,3.5,1,0,1.8,14.65,4,58.6,"SG","LAC",NA,NA,NA,NA,NA,NA,NA,NA,NA
"222","Aaron Holiday",7.2,1.9,0.2,1.1,1.3,0.7,0.2,1,13.31,66,878.46,"PG","IND",10.01439778,3.399030637,0.375776324,1.999002951,2.374779275,0.768904997,0.212148198,1.332167782,19.57367067
"223","Khris Middleton",20.4,5.4,0.8,5.2,6,1.1,0.1,2.6,36.7,68,2495.6,"SF","MIL",19.07311727,4.124585162,0.733976153,4.875072506,5.609048659,0.939707812,0.08622497,1.972349729,33.09630202
"224","De'Aaron Fox",25.2,7.2,0.6,2.9,3.5,1.5,0.5,3,43.2,58,2505.6,"PG","SAC",20.39209702,6.813255945,0.614412861,2.87915777,3.493570632,1.313922477,0.422657068,2.972923407,37.04108092
"225","Ryan Arcidiacono",3.1,1.3,0.1,1.4,1.5,0.2,0,0.2,7.25,44,319,"PG","CHI",4.550103162,1.735306334,0.351452904,1.686779819,2.038232723,0.488971296,0.165729828,0.519215445,11.04382986
"226","Keljin Blevins",0.7,0.2,0.2,0.4,0.6,0.1,0,0.3,1.72,17,29.24,"SF","POR",NA,NA,NA,NA,NA,NA,NA,NA,NA
"227","Aron Baynes",6.1,0.9,1.6,3.5,5.1,0.3,0.4,0.9,14.77,53,782.81,"C","TOR",8.107685037,0.773471782,1.577952088,3.682264339,5.260216428,0.190060649,0.44303451,1.058338558,16.42109934
"228","Kyle Anderson",12.4,3.6,0.8,5,5.8,1.2,0.8,1.2,29.56,69,2039.64,"PF","MEM",6.340394379,2.377956802,0.84977342,3.348799581,4.198573001,0.807652303,0.489686997,0.989954819,17.84768026
"229","Darius Garland",17.4,6.1,0.4,2,2.4,1.2,0.1,3,30.33,54,1637.82,"PG","CLE",13.71213658,3.988802013,0.628789428,1.794084478,2.422873906,0.713323307,0.203745588,2.451049834,22.90294513
"230","Deni Avdija",6.3,1.2,0.4,4.4,4.8,0.6,0.3,0.6,15.96,54,861.84,"SF","WAS",6.606949069,1.338840255,0.518935872,2.473667979,2.992603851,0.46963474,0.310119341,0.772080773,13.77351554
"231","T.J. Leaf",1.7,0.1,0,0.7,0.7,0.3,0.1,0.3,3.59,7,25.13,"PF","POR",4.644315211,0.435277932,0.816664147,1.657829591,2.474493738,0.307315308,0.141732512,0.350884527,9.262883528
"232","Mason Plumlee",10.4,3.6,2.6,6.7,9.3,0.8,0.9,1.9,30.16,56,1688.96,"C","DET",8.003186545,2.801957141,1.59599705,3.697811889,5.293808939,0.558517432,0.623030786,1.482203168,20.62113447
"233","Alex Caruso",6.4,2.8,0.5,2.4,2.9,1.1,0.3,1.3,16.98,58,984.84,"PG","LAL",6.083921426,2.257723159,0.332163276,1.899062938,2.231226214,0.886386125,0.345373796,0.859512485,14.9837449
"234","Taj Gibson",5.4,0.8,2.2,3.4,5.6,0.7,1.1,0.5,18.22,45,819.9,"C","NYK",4.041578483,0.314126464,1.649717997,2.224552351,3.874270348,0.33215077,0.534678541,0.580479885,11.18190064
"235","Daniel Oturu",1.8,0.3,0.7,0.9,1.6,0.1,0.2,0.3,4.77,30,143.1,"C","LAC",4.800378029,0.448502549,1.126177073,2.111292968,3.237470041,0.308833086,0.556968901,0.870298234,11.08520363
"236","David Nwaba",9.2,1,1.3,2.6,3.9,1,0.7,0.6,19.88,30,596.4,"SF","HOU",8.4518965,1.50780592,0.562477964,2.991337738,3.553815702,0.759169238,0.522897511,0.865705291,17.95867918
"237","Goran Dragić",13.4,4.4,0.5,2.9,3.4,0.7,0.2,2.4,24.38,50,1219,"PG","MIA",13.80764327,4.41115195,0.488489003,2.563235565,3.051724569,0.698369229,0.252773433,2.128500716,24.81136795
"238","Chris Paul",16.4,8.9,0.4,4.1,4.5,1.4,0.3,2.2,38.05,70,2663.5,"PG","PHO",15.78786788,6.772651252,0.376922705,4.205555917,4.582478622,1.554436872,0.153328427,2.160899428,34.40821557
"239","Bruno Caboclo",2.8,0.2,0.5,1.8,2.3,0,0.3,0.7,6.06,6,36.36,"PF","HOU",7.125477996,1.537169357,0.860784501,2.340271187,3.201055688,0.638859254,0.546007751,0.977476862,15.84962301
"240","Kevin Durant",26.9,5.6,0.4,6.7,7.1,0.7,1.3,3.4,46.42,35,1624.7,"PF","BRK",24.98620102,3.848289196,0.922318009,6.542446552,7.464764561,1.088653853,1.001293235,2.942067844,43.04412571
"241","Jahmi'us Ramsey",3.1,0.5,0.2,0.6,0.8,0.3,0.1,0.2,5.81,13,75.53,"SG","SAC",2.069834548,0.934142152,0.025829809,1.318985589,1.344815398,0.492123115,0.207628938,0.338204198,6.845878214
"242","Nikola Jokić",26.4,8.3,2.8,8,10.8,1.3,0.7,3.1,54.71,72,3939.12,"C","DEN",20.37865684,6.67904274,2.27344994,7.133866566,9.407316506,1.13060152,0.672092773,2.966641245,44.12744239
"243","John Konchar",4.3,1.1,0.8,2.2,3,0.7,0.2,0.4,11.85,43,509.55,"SG","MEM",4.651421683,1.32320722,0.879025217,1.670225466,2.549250683,0.433230411,0.212791004,0.552411274,11.0809863
"244","Skylar Mays",3.8,0.9,0.3,0.8,1.1,0.4,0.1,0.3,7.67,33,253.11,"SG","ATL",1.776342322,1.116146078,-0.080927326,0.837369534,0.756442208,0.55242107,0.057796163,0.24594699,5.942996797
"245","Killian Tillie",3.2,0.4,0.3,1,1.3,0.3,0.4,0.1,7.36,18,132.48,"C","MEM",NA,NA,NA,NA,NA,NA,NA,NA,NA
"246","Jalen Harris",7.4,1.3,0.2,1.2,1.4,0.6,0,1.1,11.73,13,152.49,"SG","TOR",-2.948387827,-0.495629787,-0.212273338,-0.239866856,-0.452140193,-0.112457062,-0.099504686,-0.166766926,-4.703519058
"247","Trent Forrest",2.9,1.5,0.4,1.1,1.5,0.3,0.1,0.7,7.45,30,223.5,"PG","UTA",NA,NA,NA,NA,NA,NA,NA,NA,NA
"248","Gabriel Deck",8.4,2.4,1.6,2.4,4,0.8,0,0.6,18.6,10,186,"PF","OKC",NA,NA,NA,NA,NA,NA,NA,NA,NA
"249","Karim Mané",1.1,0.4,0.1,1.3,1.4,0,0.2,0.3,3.68,10,36.8,"PG","ORL",NA,NA,NA,NA,NA,NA,NA,NA,NA
"250","Anthony Davis",21.8,3.1,1.7,6.2,7.9,1.3,1.6,2.1,42.53,36,1531.08,"PF","LAL",24.91626893,3.302562027,2.125169004,6.988354725,9.113523729,1.296511372,2.046836987,2.170292026,48.66609349
"251","Kelly Oubre Jr.",15.4,1.3,1.5,4.5,6,1,0.8,1.3,28.65,55,1575.75,"SF","GSW",16.84294604,1.371383858,1.142734347,4.810684049,5.953418396,1.107999559,0.628752476,1.343618985,29.91076102
"252","Joe Harris",14.1,1.9,0.6,3,3.6,0.7,0.2,0.9,23.07,69,1591.83,"SF","BRK",13.21099526,2.132156454,0.860568516,3.439705775,4.300274291,0.584840226,0.27609617,1.647319351,22.50504893
"253","Damion Lee",6.5,1.3,0.4,2.8,3.2,0.7,0.1,0.5,14.19,57,808.83,"SG","GSW",11.69131566,2.379225454,0.743705634,3.899364337,4.643069971,0.978812697,0.152922181,1.167020068,23.06002237
"254","Bismack Biyombo",5,1.2,2.1,3.2,5.3,0.3,1.1,1.1,16.26,66,1073.16,"C","CHO",6.972521893,0.780552457,2.078707213,3.264016785,5.342723998,0.177298162,0.938524678,0.791077205,17.11101069
"255","Boban Marjanović",4.7,0.3,1.4,2.5,3.9,0.1,0.2,0.4,10.33,33,340.89,"C","DAL",5.811278707,0.290627748,1.348745589,2.644312184,3.993057773,0.23362675,0.217514939,0.649168562,11.74314616
"256","Dakota Mathias",6,1.6,0.1,0.8,0.9,0.1,0.4,0.1,10.88,8,87.04,"SG","PHI",NA,NA,NA,NA,NA,NA,NA,NA,NA
"257","Jordan Clarkson",18.4,2.5,0.7,3.3,4,0.9,0.1,1.7,28.25,68,1921,"SG","UTA",13.60053092,1.900582906,0.678193525,1.840552504,2.518746029,0.628031689,0.205014825,1.259487084,20.71355297
"258","Ty-Shon Alexander",0.6,0.4,0.1,0.5,0.6,0,0.1,0.2,2.02,15,30.3,"SG","PHO",NA,NA,NA,NA,NA,NA,NA,NA,NA
"259","Brian Bowen",0.5,0,0,0.5,0.5,0,0,0,1.1,6,6.6,"SF","IND",3.413818823,0.551769058,0.295354476,1.272989426,1.568343902,0.149975089,0.235057256,0.432223851,6.84635828
"260","Markelle Fultz",12.9,5.4,0.6,2.5,3.1,1,0.3,2.3,26.32,8,210.56,"PG","ORL",14.29684837,5.566711492,0.721740466,3.17046807,3.892208536,1.209517517,0.291148921,2.150243779,29.66932138
"261","CJ Elleby",2.3,0.3,0.4,0.7,1.1,0.2,0.1,0.2,4.77,30,143.1,"SF","POR",1.920880026,0.924721741,0.265616551,1.476098729,1.741715279,0.423595003,0.196061777,0.496242604,6.760748709
"262","CJ McCollum",23.1,4.7,0.6,3.3,3.9,0.9,0.4,1.4,37.33,47,1754.51,"SG","POR",19.78035339,3.747748399,0.757519391,3.573259324,4.330778715,0.753056523,0.488911478,1.832001876,32.49281257
"263","Aaron Nesmith",4.7,0.5,0.6,2.2,2.8,0.3,0.2,0.5,9.81,46,451.26,"SF","BOS",7.543171167,1.140441751,0.746090225,2.473071795,3.21916202,0.492139837,0.362696052,1.213935673,14.46740021
"264","Jevon Carter",4.1,1.2,0.3,1.3,1.6,0.5,0.2,0.3,9.62,60,577.2,"PG","PHO",6.044697568,1.396228002,0.540366533,1.658257209,2.198623742,0.694408387,0.324810592,0.698658106,13.13638689
"265","Cody Zeller",9.4,1.8,2.5,4.4,6.9,0.6,0.4,1.1,22.28,48,1069.44,"C","CHO",10.29236385,1.392330769,2.496003208,3.803419423,6.299422631,0.627291814,0.48408727,1.114414324,22.15989009
"266","Kevin Huerter",11.9,3.5,0.6,2.8,3.4,1.2,0.3,1.1,24.63,69,1699.47,"SG","ATL",11.88099015,3.661567419,0.604868065,3.140122283,3.744990348,0.812247397,0.458280772,1.413136917,24.26577729
"267","Anfernee Simons",7.8,1.4,0.2,2,2.2,0.3,0.1,0.7,13.04,64,834.56,"SG","POR",9.030065881,1.404030779,0.530308634,1.877379414,2.407688048,0.379180354,0.163070012,0.93978641,14.71230239
"268","Devin Vassell",5.5,0.9,0.4,2.4,2.8,0.7,0.3,0.4,12.81,62,794.22,"SF","SAS",5.934616054,1.066613137,0.48780713,2.289755554,2.777562684,0.621910843,0.308347137,0.53629699,13.12208793
"269","Frank Mason III",6.3,3,0.8,2.3,3.1,0,0,1.3,13.22,4,52.88,"PG","ORL",9.499462718,3.49390258,0.709487632,2.27035938,2.979847012,0.661944117,0.180197354,1.331095444,19.51146197
"270","Jarred Vanderbilt",5.4,1.2,1.8,3.9,5.7,1,0.7,0.8,18.34,64,1173.76,"PF","MIN",3.652260222,0.583843653,0.4116062,0.958010032,1.369616232,0.349570871,0.169778443,0.762630362,6.966982759
"271","Dario Šarić",8.7,1.3,0.9,2.9,3.8,0.6,0.1,1.1,16.21,50,810.5,"C","PHO",11.88362615,2.071959215,1.354265822,4.120321508,5.47458733,0.543415445,0.24244189,1.351020449,22.56762133
"272","Patrick Williams",9.2,1.4,0.9,3.7,4.6,0.9,0.6,1.4,19.92,71,1414.32,"PF","CHI",7.51794242,1.517710141,0.854655217,2.834175457,3.688830674,0.693362315,0.550651132,1.38519393,16.56795085
"273","Meyers Leonard",3.3,0.7,0,2.3,2.3,0,0,0.7,6.41,3,19.23,"C","MIA",6.460104078,1.008070748,0.558482001,3.966353541,4.524835542,0.273427538,0.35111035,0.755248649,14.52037786
"274","Thomas Bryant",14.3,1.5,1.8,4.3,6.1,0.4,0.8,1.1,26.37,10,263.7,"C","WAS",12.75185928,1.784165853,1.874977123,4.838802914,6.713780037,0.546145526,0.852036773,1.143471008,26.53572
"275","Juan Hernangómez",7.2,0.7,0.9,3.1,4,0.4,0.1,0.5,14.05,52,730.6,"PF","MIN",7.621962899,1.063370158,0.942837672,3.102229853,4.045067525,0.408271567,0.219078085,0.80273098,15.15041714
"276","Mike Scott",4.2,0.8,0.2,2.1,2.3,0.5,0.3,0.4,10.16,51,518.16,"PF","PHI",5.635375404,0.695660823,0.943111364,2.553185967,3.496297331,0.301669797,0.130574374,0.543418204,11.62773774
"277","Edmond Sumner",7.5,0.9,0.3,1.4,1.7,0.6,0.2,1,12.29,53,651.37,"SG","IND",5.626071953,1.794938808,0.389305063,1.233794454,1.623099517,0.425449854,0.252738082,0.808638651,11.49212474
"278","Sean McDermott",2.2,0.2,0.3,0.7,1,0.1,0.2,0.2,4.4,18,79.2,"SF","MEM",NA,NA,NA,NA,NA,NA,NA,NA,NA
"279","John Collins",17.6,1.2,1.9,5.5,7.4,0.5,1,1.3,31.48,63,1983.24,"PF","ATL",19.77659872,1.694879443,2.513594249,6.542231415,9.055825663,0.758569846,1.330273413,1.637079805,37.81535865
"280","Josh Hart",9.2,2.3,1.1,6.9,8,0.8,0.3,1,24.55,47,1153.85,"SF","NOP",11.22554164,1.513389533,0.883684264,5.076013967,5.959698231,0.89746207,0.354153889,0.876469901,23.52564179
"281","Terrence Ross",15.6,2.3,0.3,3.1,3.4,1,0.5,1.6,26.03,46,1197.38,"SG","ORL",15.22603102,1.460513467,0.396196329,3.438033679,3.834230008,1.037097816,0.361630144,1.171556803,25.04250431
"282","Nico Mannion",4.1,2.3,0.2,1.3,1.5,0.5,0,1,9.85,30,295.5,"PG","GSW",2.956509352,3.043595472,0.138650507,1.578037019,1.716687526,0.533863289,0.049696097,0.726606024,10.60599973
"283","Mike Muscala",9.7,0.8,0.5,3.2,3.7,0.2,0.3,0.6,16.24,35,568.4,"C","OKC",5.863680415,1.407472675,0.369814231,2.068761355,2.438575587,0.299199979,0.32425184,0.720959883,12.0505757
"284","Drew Eubanks",5.8,0.8,1.4,3.1,4.5,0.3,0.9,0.8,15.2,54,820.8,"C","SAS",6.777334532,0.828592254,1.237311794,2.789586603,4.026898397,0.285649266,0.777952413,1.018687947,15.02461808
"285","Wayne Ellington",9.6,1.5,0.3,1.6,1.9,0.4,0.2,0.7,15.23,46,700.58,"SG","DET",5.668875876,1.495190867,0.273172398,2.000974997,2.274147395,0.483359824,0.132668204,0.725309728,11.76341341
"286","Josh Hall",4.1,1.3,0.3,2.5,2.8,0.2,0,1.2,8.81,21,185.01,"SF","OKC",NA,NA,NA,NA,NA,NA,NA,NA,NA
"287","Ja Morant",19.1,7.4,0.9,3.1,4,0.9,0.2,3.2,35.1,63,2211.3,"PG","MEM",18.49391691,6.92906931,0.793497025,2.938911719,3.732408744,0.837952838,0.274211474,3.002048536,33.70085577
"288","Greg Whittington",0,0,0,0,0,0,0,0,0,4,0,"PF","DEN",NA,NA,NA,NA,NA,NA,NA,NA,NA
"289","Harry Giles",2.8,0.8,0.8,2.7,3.5,0.2,0.3,0.5,9.2,38,349.6,"C","POR",7.631309807,1.354161392,0.940307977,3.080955363,4.02126334,0.45578569,0.391987696,1.037716329,15.99367173
"290","Myles Turner",12.6,1,1.3,5.2,6.5,0.9,3.4,1.4,33.4,47,1569.8,"C","IND",13.24951487,1.701597656,1.374702901,5.371400735,6.746103636,0.720221839,1.812211913,1.49781117,29.9967258
"291","Xavier Tillman Sr.",6.6,1.3,1.3,3.1,4.4,0.7,0.6,0.8,16.93,59,998.87,"PF","MEM",4.2520435,0.906486527,0.707451765,1.8454463,2.552898065,0.389991201,0.443281501,0.498109447,10.67695963
"292","Garrett Temple",7.6,2.2,0.5,2.3,2.8,0.8,0.5,1,17.16,56,960.96,"SG","CHI",7.138565355,1.774183893,0.548575445,2.979191033,3.527766478,0.758546208,0.467891202,0.949194104,16.7632791
"293","Justin Holiday",10.5,1.7,0.4,3.1,3.5,1,0.6,0.8,21.25,72,1530,"SG","IND",6.951572761,1.340263953,0.411358502,2.685357585,3.096716087,1.021019467,0.531578833,0.800127821,16.53569507
"294","Will Magnay",0,0,0,0,0,0,0,1,-1,1,-1,"C","NOP",NA,NA,NA,NA,NA,NA,NA,NA,NA
"295","Cassius Stanley",1.5,0,0.3,0.5,0.8,0,0.1,0,2.76,24,66.24,"SG","IND",2.385307433,0.174845069,0.458626502,0.78020342,1.238829922,0.165117069,0.147719096,0.371416894,4.701262545
"296","Dwight Howard",7,0.9,2.8,5.7,8.5,0.4,0.9,1.6,20.85,69,1438.65,"C","PHI",7.197338862,0.569257425,2.330929737,4.793875731,7.124805468,0.384480052,1.083564127,1.376773625,19.62835048
"297","Robert Covington",8.5,1.7,0.9,5.8,6.7,1.4,1.2,0.9,25.99,70,1819.3,"PF","POR",11.47222967,1.006881214,0.926143381,5.445643708,6.371787089,1.455707101,1.052913063,1.549070428,26.60548607
"298","Damian Lillard",28.8,7.5,0.5,3.7,4.2,0.9,0.3,3,45.69,67,3061.23,"PG","POR",28.50021225,7.57753865,0.576116528,3.608903755,4.185020283,1.036840601,0.278428361,2.970987657,45.86336379
"299","Tristan Thompson",7.6,1.2,3.1,5,8.1,0.4,0.6,1.1,21.02,54,1135.08,"PF","BOS",10.77275962,1.827218548,3.623377734,5.899861731,9.523239465,0.59516416,0.762012919,1.551520711,27.46148533
"300","Tyrell Terry",1,0.5,0,0.5,0.5,0.5,0,0.2,3.65,11,40.15,"PG","DAL",4.227051183,1.677669761,0.056154473,1.953311414,2.009465887,0.624652823,0.060284573,0.899715584,10.31001149
"301","Deandre Ayton",14.4,1.4,3.3,7.2,10.5,0.6,1.2,1.5,33,69,2277,"C","PHO",17.86131305,2.104876462,3.507094204,7.061460146,10.56855435,0.636315753,1.357114898,2.014197464,37.66698745
"302","JaMychal Green",8.1,0.9,1.5,3.3,4.8,0.4,0.4,0.9,16.71,58,969.18,"PF","DEN",6.225012186,0.865653504,1.154440668,4.364688715,5.519129383,0.486651597,0.387137838,1.013390514,15.75442549
"303","Devontae Cacok",2,0.1,0.6,1,1.6,0.3,0.2,0.3,5.27,20,105.4,"PF","LAL",6.907400217,1.511927345,1.829622178,2.978325189,4.807947367,0.135416904,0.076207552,0.194658678,15.38504276
"304","Anthony Edwards",19.3,2.9,0.8,3.8,4.6,1.1,0.5,2.2,31.77,72,2287.44,"SG","MIN",10.91362493,2.289381815,0.777161722,3.179917978,3.9570797,0.827379516,0.494211497,1.565239916,21.49572641
"305","Carsen Edwards",4,0.5,0.1,0.7,0.8,0.2,0,0.2,6.11,31,189.41,"SG","BOS",5.377016526,0.993629253,0.372948571,1.647126589,2.02007516,0.375756638,0.164484436,0.559895488,10.35237833
"306","Isaiah Thomas",7.7,1.7,0.3,1,1.3,0.3,0,2,10.71,3,32.13,"PG","NOP",13.25331019,3.379696696,0.372505959,1.500134956,1.872640915,0.429019809,0.139482882,1.641495241,20.63403716
"307","Moses Brown",8.6,0.2,3.6,5.3,8.9,0.7,1.1,1,23.98,43,1031.14,"C","OKC",4.871239033,0.970009997,0.404309498,1.692752384,2.097061882,0.294571272,0.188670016,0.708587918,9.583864234
"308","Michael Carter-Williams",8.8,4.2,1.3,3.2,4.5,0.8,0.5,2.2,22.2,31,688.2,"SG","ORL",9.152517942,3.098514406,1.041678245,2.995978645,4.03765689,1.117099809,0.500493275,1.577414694,21.92084238
"309","Justin James",3.9,0.6,0.3,0.6,0.9,0.2,0.1,0.4,6.38,36,229.68,"SF","SAC",3.267806891,0.6656521,0.218676604,0.967751036,1.186427641,0.241562954,0.286062762,0.279003243,6.993872114
"310","Mike James",7.7,4.2,0.2,2.2,2.4,0.5,0.1,1.5,17.18,13,223.34,"PG","BRK",10.01421999,3.219500208,0.61196135,3.020954042,3.632915393,0.857381708,0.324176098,1.737089905,21.01055229
"311","Dwight Powell",5.9,1.1,1.4,2.7,4.1,0.6,0.5,0.7,15.07,58,874.06,"C","DAL",9.053910567,1.264021325,1.671607038,3.444430308,5.116037346,0.819753196,0.506179886,0.874264758,20.19272185
"312","Bobby Portis",11.4,1.1,1.9,5.2,7.1,0.8,0.4,0.8,24.37,66,1608.42,"C","MIL",9.500254295,1.5903509,1.198352233,3.441941637,4.640293869,0.513353903,0.283445164,0.961058745,18.88347175
"313","Udoka Azubuike",1.1,0,0.3,0.6,0.9,0.1,0.3,0.2,3.18,15,47.7,"C","UTA",5.79933468,0.560302699,0.810656649,1.887517121,2.698173769,0.363900056,0.669169802,0.908378846,12.06842798
"314","Tyler Bey",1,0.2,0.4,0.6,1,0,0.1,0.2,2.6,18,46.8,"SF","DAL",2.85068986,0.41807198,0.550392842,2.2293401,2.779732942,0.462367726,0.253686699,0.593800466,8.367840167
"315","Grayson Allen",10.6,2.2,0.4,2.8,3.2,0.9,0.2,1,20.04,50,1002,"SG","MEM",9.281410715,1.448355341,0.282799544,2.005417175,2.28821672,0.354683119,0.133579077,0.956762557,14.70782782
"316","Nicolas Batum",8.1,2.2,0.7,4,4.7,1,0.6,0.8,21.04,67,1409.68,"SF","LAC",3.43605387,2.837650797,1.001631791,3.230181619,4.23181341,0.739173156,0.455609627,1.010673464,15.34438104
"317","Elfrid Payton",10.1,3.2,1,2.4,3.4,0.7,0.1,1.6,19.78,63,1246.14,"PG","NYK",9.855430129,6.762041554,1.100074559,3.235390475,4.335465034,1.386442585,0.36123127,1.891767864,28.5523042
"318","Chimezie Metu",6.3,0.8,0.9,2.3,3.2,0.4,0.5,0.8,13.24,36,476.64,"C","SAC",4.008793533,0.778694057,0.641053969,1.335806551,1.97686052,0.241910458,0.281852721,0.599188128,8.521168652
"319","Nassir Little",4.6,0.5,0.7,2,2.7,0.1,0.3,0.4,9.39,48,450.72,"PF","POR",5.602100697,0.729438989,0.687959397,1.822929165,2.510888563,0.306935344,0.323642715,0.459458861,11.14160077
"320","Anžejs Pasečņiks",0,1,1,0,1,0,0,5,-2.3,1,-2.3,"C","WAS",6.538029696,0.81391603,1.51888178,2.52300815,4.041889931,0.359232549,0.412794536,0.885311614,14.0399413
"321","Wenyen Gabriel",3.4,0.5,1,1.6,2.6,0.4,0.4,0.7,8.97,21,188.37,"PF","NOP",4.507942535,0.330575955,0.687779758,1.168139669,1.855919427,0.418616309,0.231369102,0.406651455,8.774214557
"322","Marques Bolden",1.2,0,0.5,0.5,1,0.3,0.3,0.3,3.9,6,23.4,"C","CLE",2.938450176,0.387542225,0.21050541,2.229477485,2.439982894,0.93019654,0.114607882,0.204283575,9.377872678
"323","Josh Richardson",12.1,2.6,0.9,2.4,3.3,1,0.4,1.3,22.86,59,1348.74,"SG","DAL",13.20734173,2.763998513,0.661685535,2.421610901,3.083296436,0.876735356,0.609420487,1.603299324,23.90846343
"324","Ray Spalding",2,0,1,1,2,0,1,1.5,5.9,2,11.8,"C","HOU",NA,NA,NA,NA,NA,NA,NA,NA,NA
"325","Isaiah Stewart",7.9,0.9,2.3,4.3,6.6,0.6,1.3,1,21.87,68,1487.16,"C","DET",9.975480276,1.703201741,1.445096795,3.549006177,4.994102972,0.634390933,0.721401354,1.444870491,21.14571282
"326","Jerome Robinson",4.9,1.5,0.2,2,2.2,0.7,0.4,1.1,11.99,17,203.83,"SG","WAS",5.637872323,1.412639478,0.334444232,2.022647717,2.357091948,0.428469521,0.331329214,0.746375091,12.11836299
"327","Nickeil Alexander-Walker",11,2.2,0.3,2.8,3.1,1,0.5,1.5,21.02,46,966.92,"SG","NOP",8.087288478,1.948488291,0.258743418,1.758572551,2.017315969,0.446096716,0.22485306,1.02255077,14.42109864
"328","Jordan Poole",12,1.9,0.3,1.5,1.8,0.5,0.2,1,18.11,51,923.61,"SG","GSW",9.99283933,2.447957369,0.341943258,1.99138791,2.333331168,0.578577665,0.254065733,1.2282191,17.73448388
"329","Jalen McDaniels",7.4,1.1,1,2.6,3.6,0.6,0.4,1,15.37,47,722.39,"SF","CHO",6.917668263,0.966267205,0.877050851,2.903851227,3.780902078,0.520465481,0.261791562,0.717773536,14.53314916
"330","Bruce Brown",8.8,1.6,1.7,3.7,5.4,0.9,0.4,0.8,20.78,65,1350.7,"PG","BRK",10.48143243,4.083531564,1.161343412,3.966092165,5.127435578,1.032591274,0.539161323,1.811399441,25.66351082
"331","Stephen Curry",32,5.8,0.5,5,5.5,1.2,0.1,3.4,47.8,63,3011.4,"PG","GSW",20.59567145,6.477408478,0.831812843,4.248359245,5.080172088,1.13904432,0.346768103,3.083400559,37.78202739
"332","Talen Horton-Tucker",9,2.8,0.4,2.2,2.6,1,0.3,1.6,18.62,65,1210.3,"SG","LAL",7.819792182,1.672252577,0.386816727,1.364397677,1.751214405,1.139541574,0.203422323,1.017379086,15.44114094
"333","Jeremiah Martin",2.4,0.4,0.2,0.6,0.8,0.6,0.2,0.7,5.66,9,50.94,"PG","CLE",8.594997639,2.064847691,0.295516226,1.537770397,1.833286624,0.771082762,0.28786377,0.531499271,16.53755345
"334","Jaylen Brown",24.7,3.4,1.2,4.8,6,1.2,0.6,2.7,39.7,58,2302.6,"SG","BOS",19.26930612,2.112936727,1.067424496,4.930776477,5.998200973,0.965537518,0.361483524,2.014515582,31.60309993
"335","Cam Reddish",11.2,1.3,0.8,3.2,4,1.3,0.3,1.3,21.45,26,557.7,"SF","ATL",10.997606,1.654647817,0.604104883,2.900453979,3.504558862,0.971362809,0.463502805,1.518992935,20.47065227
"336","Justin Patton",5.4,1.1,1.1,2.7,3.8,0.9,1.1,0.3,17.31,13,225.03,"C","HOU",6.390352973,1.594460205,0.322820818,1.686924656,2.009745474,0.379223895,-0.003414053,0.839404759,11.48176261
"337","Bogdan Bogdanović",16.4,3.3,0.5,3.2,3.7,1.1,0.3,1.2,28.79,44,1266.76,"SG","ATL",13.82694684,3.192057712,0.403613751,2.569409989,2.97302374,0.897957273,0.213540577,1.494426397,24.02272905
"338","Clint Capela",15.2,0.8,4.7,9.6,14.3,0.7,2,1.2,40.46,63,2548.98,"C","ATL",13.28761213,1.278482314,3.782859762,8.501174011,12.28403377,0.780617959,1.537744001,1.526019457,35.37524255
"339","Trey Lyles",5,0.6,0.4,3.3,3.7,0.3,0,0.3,10.94,23,251.62,"PF","SAS",8.035870278,1.158077397,1.046728051,4.16017915,5.206907201,0.443149959,0.39887627,0.645577785,17.90177592
"340","Montrezl Harrell",13.5,1.1,2.3,3.9,6.2,0.7,0.7,1.1,25.69,69,1772.61,"C","LAL",16.90953333,1.927640471,2.27571031,4.364770428,6.640480738,0.568505512,0.912288914,1.521100718,30.69085349
"341","Oshae Brissett",10.9,0.9,1.4,4.1,5.5,0.9,1,0.5,24.05,21,505.05,"SF","IND",4.355001232,0.906318157,0.549744229,1.158251501,1.70799573,0.30558258,0.145945171,0.597987684,8.520668912
"342","Larry Nance Jr.",9.3,3.1,1.5,5.2,6.7,1.7,0.5,1.6,26.99,35,944.65,"PF","CLE",9.396274152,2.001418177,1.844256924,4.804721523,6.648978447,0.957686416,0.44550738,1.018254937,23.56850201
"343","Jaxson Hayes",7.5,0.6,1.5,2.8,4.3,0.4,0.6,0.7,15.86,60,951.6,"C","NOP",9.740264496,0.98080468,1.347682064,2.524034597,3.87171666,0.405411618,0.807472063,0.661835531,18.83434702
"344","Jamal Murray",21.2,4.8,0.8,3.3,4.1,1.3,0.3,2.3,35.82,48,1719.36,"PG","DEN",18.85786078,4.691026367,0.771855639,2.946617237,3.718472875,0.961842223,0.319928666,2.181650974,32.02022947
"345","Andrew Wiggins",18.6,2.4,1.2,3.7,4.9,0.9,1,1.8,31.98,71,2270.58,"PF","GSW",20.72889353,3.385762097,1.186983321,3.817422844,5.004406165,0.828617286,0.837803334,2.088208152,34.72387778
"346","Jordan Nwora",5.7,0.2,0.3,1.7,2,0.5,0.2,0.8,9.7,30,291,"SF","MIL",4.895583454,0.565847033,0.429226804,1.230509232,1.659736035,0.276549156,0.092292713,0.990086645,7.85247621
"347","Jalen Lecque",1.3,0.5,0.5,0.8,1.3,0,0,0,3.61,4,14.44,"PG","IND",4.771580777,0.981631733,0.125884478,0.735620994,0.861505472,0.152198115,0.069250352,0.595365498,7.346814846
"348","Jaren Jackson Jr.",14.4,1.1,1.5,4.1,5.6,1.1,1.6,1.4,29.47,11,324.17,"C","MEM",17.46933483,1.622429273,0.93491815,3.65918692,4.594105071,0.657226344,1.376850431,1.641896943,29.8762382
"349","Royce O'Neale",7,2.5,1.2,5.6,6.8,0.8,0.5,1.2,21.61,71,1534.31,"SF","UTA",5.855975822,2.281396604,0.413934201,4.546248426,4.960182627,0.722676133,0.470021173,0.878864405,17.92951739
"350","Robert Woodard",1.5,0.2,0.3,0.9,1.2,0,0.2,0.1,3.74,13,48.62,"SF","SAC",0.981806852,0.38463121,0.462809538,1.462501289,1.925310827,0.350859232,0.249587897,0.150123712,5.520344335
"351","Danny Green",9.5,1.7,0.8,3,3.8,1.3,0.8,1,21.91,69,1511.79,"SF","PHI",7.59025348,1.132694702,0.765927867,2.610516635,3.376444502,1.066267058,0.528778777,0.934005983,17.19216045
"352","Eric Gordon",17.8,2.6,0.3,1.9,2.2,0.5,0.5,1.9,25.44,27,686.88,"SG","HOU",16.26099271,2.462188334,0.435101603,2.662809052,3.097910655,0.793459529,0.354196258,1.722864874,25.39187048
"353","Donovan Mitchell",26.4,5.2,0.9,3.5,4.4,1,0.3,2.8,40.58,53,2150.74,"PG","UTA",23.63801172,4.30428589,0.772607269,3.233972355,4.006579624,0.997692396,0.234242556,2.530020299,36.06812066
"354","Paul Watson",4.1,0.6,0.1,1.5,1.6,0.2,0.1,0.3,7.52,27,203.04,"SF","TOR",4.100788513,0.668739956,0.32803247,1.714259542,2.042292011,0.408720256,0.159255904,0.301442267,8.957135071
"355","Cameron Johnson",9.6,1.4,0.6,2.8,3.4,0.6,0.3,0.7,17.78,60,1066.8,"PF","PHO",9.578823841,1.351091026,0.869744731,2.398570587,3.268315317,0.54863329,0.410010567,0.721934539,17.68143579
"356","Landry Shamet",9.3,1.6,0.2,1.7,1.9,0.5,0.2,0.8,15.28,61,932.08,"SG","BRK",11.74600072,2.423385329,0.28009169,2.488474335,2.768566025,0.543976666,0.285843716,1.172019122,20.02079997
"357","Thon Maker",3.8,0.5,1,1.3,2.3,0.3,0.5,0.4,9.31,8,74.48,"C","CLE",7.606115837,1.157918944,0.998238751,2.24538145,3.2436202,0.432697831,0.686826787,0.814539296,15.77937305
"358","Sterling Brown",8.2,1.4,0.7,3.6,4.3,0.7,0.2,0.8,17.36,51,885.36,"SG","HOU",8.789130496,2.026537389,0.682040974,3.465111258,4.147152232,0.699332113,0.160236084,1.189257333,18.19496651
"359","Al Horford",14.2,3.4,1,5.7,6.7,0.9,0.9,1,31.74,28,888.72,"C","OKC",11.1344768,3.956981567,1.512716846,5.305533455,6.818250301,0.824971168,0.907826861,1.535358499,28.9148851
"360","Marvin Bagley III",14.1,1,2.5,4.9,7.4,0.5,0.5,1.4,26.08,43,1121.44,"PF","SAC",13.52666339,1.036548089,1.914559343,4.61921731,6.533776653,0.465547279,0.769163198,1.265736068,25.36041287
"361","Ashton Hagans",0,0,0,0,0,0,0,0.5,-0.5,2,-1,"PG","MIN",NA,NA,NA,NA,NA,NA,NA,NA,NA
"362","Jontay Porter",2,0.1,0.4,0.9,1.3,0.3,0.1,0.6,4.31,11,47.41,"PF","MEM",NA,NA,NA,NA,NA,NA,NA,NA,NA
"363","Marcus Smart",13.1,5.7,0.8,2.7,3.5,1.5,0.5,2,29.85,48,1432.8,"PG","BOS",12.69334007,4.788256715,0.767265104,3.236104467,4.003369571,1.521714924,0.431281217,1.642476293,28.89628076
"364","Terry Rozier",20.4,4.2,0.7,3.7,4.4,1.3,0.4,1.9,35.18,69,2427.42,"SG","CHO",15.70365697,3.419163173,0.786095235,3.245601201,4.031696436,0.862260233,0.254686481,1.84588699,27.17539061
"365","Kent Bazemore",7.2,1.6,0.4,3,3.4,1,0.5,1.2,16.98,67,1137.66,"SF","GSW",7.50868633,1.206137229,0.471930208,3.633959571,4.105889779,0.98619388,0.572895512,1.276981729,17.64524635
"366","Malcolm Brogdon",21.2,5.9,1,4.2,5.2,0.9,0.3,2.1,37.79,56,2116.24,"PG","IND",15.54871133,6.32428075,0.842657281,3.501894707,4.344551988,0.652830901,0.169151672,2.154492854,30.56004971
"367","Tyus Jones",6.3,3.7,0.3,1.7,2,0.9,0.1,0.7,16.55,70,1158.5,"PG","MEM",8.582431543,4.148556606,0.165783569,1.383918978,1.549702547,0.829232468,0.096073613,0.834101451,18.6067263
"368","James Wiseman",11.5,0.7,1.4,4.4,5.8,0.3,0.9,1.5,21.61,39,842.79,"C","GSW",10.01764427,1.39706831,2.120009992,4.087248381,6.207258373,0.549929384,1.055150672,1.091925406,23.28527155
"369","Iman Shumpert",1,0,0.5,0,0.5,0.5,0,0.5,2.6,2,5.2,"SG","BRK",5.408939078,1.333611676,0.724955951,2.399028724,3.123984675,0.920486161,0.27856824,0.986591419,13.76870999
"370","Dillon Brooks",17.2,2.3,0.8,2.1,2.9,1.2,0.4,1.8,27.13,67,1817.71,"SF","MEM",16.06537145,2.178672909,0.850411972,2.427758881,3.278170853,0.855778399,0.32397615,1.599832828,25.20661665
"371","Jeremy Lamb",10.1,1.5,0.7,2.9,3.6,0.9,0.6,0.6,20.57,36,740.52,"SG","IND",12.29963932,2.063919076,0.53153744,3.629316112,4.160853552,0.998636277,0.461766471,1.221676733,23.54807371
"372","Stanley Johnson",4.4,1.5,0.5,2,2.5,0.9,0.3,0.9,12.35,61,753.35,"PF","TOR",4.571487175,0.895313111,0.374644054,1.468542485,1.843186539,0.315372819,0.169369673,0.393509121,9.186999043
"373","Rui Hachimura",13.8,1.4,0.9,4.6,5.5,0.8,0.1,1.2,24,57,1368,"PF","WAS",13.55198489,1.911409726,1.535716036,4.107245579,5.642961615,0.749089845,0.229453596,1.059458841,25.0668249
"374","Anthony Gill",3.1,0.4,0.6,1.3,1.9,0.4,0.2,0.3,7.48,26,194.48,"PF","WAS",NA,NA,NA,NA,NA,NA,NA,NA,NA
"375","Jake Layman",5.1,0.6,0.3,1.2,1.5,0.6,0.4,0.6,10.2,45,459,"SF","MIN",8.703500315,0.744063564,0.725462114,1.739654343,2.465116457,0.624663515,0.350215675,1.086010948,14.61636203
"376","Malik Fitts",1,0,0,1,1,0,0,0,2.2,3,6.6,"PF","LAC",NA,NA,NA,NA,NA,NA,NA,NA,NA
"377","Mitchell Robinson",8.3,0.5,3.6,4.5,8.1,1.1,1.5,0.8,25.77,31,798.87,"C","NYK",10.10713273,0.739814132,2.666285574,4.149464792,6.815750366,0.79434781,1.719662254,0.554386751,26.38339781
"378","Solomon Hill",4.5,1.1,0.6,2.4,3,0.7,0.2,0.6,11.85,71,841.35,"PF","ATL",5.187673568,1.637837777,0.489321497,2.031173346,2.520494843,0.633896636,0.206403679,0.760539866,12.42938512
"379","Saddiq Bey",12.2,1.4,0.6,3.9,4.5,0.7,0.2,0.9,21.5,70,1505,"SF","DET",8.479598936,2.151528992,1.008117066,2.806661062,3.814778128,0.711158886,0.284441809,1.054183634,18.21724463
"380","Danilo Gallinari",13.3,1.5,0.3,3.8,4.1,0.6,0.2,0.8,22.07,51,1125.57,"PF","ATL",16.81961952,1.611806248,0.480281299,3.83846858,4.318749878,0.631251436,0.162090469,1.026616352,25.77323811
"381","Chris Chiozza",4,3,0.1,1,1.1,0.3,0.3,0.7,10.92,22,240.24,"PG","BRK",7.033615031,3.178565495,0.477186356,2.182129006,2.659315362,0.799488039,0.209866438,1.310316298,16.71038884
"382","Markus Howard",2.8,0.5,0,0.5,0.5,0.1,0,0.5,3.95,37,146.15,"SG","DEN",NA,NA,NA,NA,NA,NA,NA,NA,NA
"383","Devon Dotson",2.1,0.6,0.2,0.3,0.5,0.4,0,0,4.8,11,52.8,"PG","CHI",NA,NA,NA,NA,NA,NA,NA,NA,NA
"384","Ish Smith",6.7,3.9,0.5,2.9,3.4,0.7,0.3,0.9,18.73,44,824.12,"PG","WAS",8.167908516,4.056720188,0.472827842,2.675434743,3.148262585,0.824029453,0.369282433,1.293939756,20.3168998
"385","T.J. McConnell",8.6,6.6,0.8,2.9,3.7,1.9,0.3,2,27.54,69,1900.26,"PG","IND",6.654382068,4.907696253,0.513256395,2.09299711,2.606253505,0.849838636,0.151694507,1.435309052,18.71272103
"386","Doug McDermott",13.6,1.3,0.9,2.4,3.3,0.3,0.1,0.8,19.91,66,1314.06,"PF","IND",9.374659323,1.058545389,0.387786941,1.84879312,2.236580061,0.220417564,0.109476661,0.640707172,13.99534899
"387","Nick Richards",0.8,0.1,0.2,0.4,0.6,0,0,0.2,1.47,18,26.46,"PF","CHO",1.886179719,0.301622682,0.561999956,1.619410054,2.18141001,0.230290963,0.387445986,0.265995647,6.543520954
"388","Sekou Doumbouya",5.1,0.8,0.7,1.9,2.6,0.4,0.2,0.8,10.42,56,583.52,"PF","DET",9.128673266,1.284814545,0.602215341,2.811921599,3.41413694,0.5750459,0.250214293,1.153408317,16.47523167
"389","Miles Bridges",12.7,2.2,1.2,4.8,6,0.7,0.8,1.6,26.1,66,1722.6,"PF","CHO",13.08058643,1.824143189,1.304554389,3.936513344,5.241067733,0.593241145,0.675238949,1.378892655,24.53263012
"390","Aleksej Pokusevski",8.2,2.2,0.7,4,4.7,0.4,0.9,2.2,18.84,45,847.8,"PF","OKC",6.964102184,0.664637273,0.54999397,1.96674838,2.51674235,0.448136565,0.190416934,1.021246714,11.8755627
"391","Kyle Lowry",17.2,7.3,0.8,4.6,5.4,1,0.3,2.7,35.83,46,1648.18,"PG","TOR",17.21564928,6.748428487,0.635575492,4.203881358,4.83945685,1.315994153,0.344749992,2.879815744,35.24805692
"392","Noah Vonleh",0,0.3,0,0.3,0.3,0,0,0.5,0.31,4,1.24,"PF","BRK",6.111662666,1.281508756,1.004713034,2.781174448,3.785887482,0.363023768,0.302002479,0.763771259,13.80829826
"393","Gary Payton II",2.5,0.1,0.2,0.9,1.1,0.6,0.1,0.1,5.97,10,59.7,"PG","GSW",3.676162225,1.57132709,0.875647803,1.860222881,2.735870683,0.849396398,0.329311327,0.76172946,12.0905914
"394","Henry Ellenson",7.5,2.5,1.5,4.5,6,0,0,0,18.45,2,36.9,"PF","TOR",2.554471062,0.261014355,0.440412524,1.039552011,1.479964536,0.024452557,0.045456404,0.035368936,4.896307983
"395","Keita Bates-Diop",2.6,0.4,0.3,1.3,1.6,0.4,0.2,0.2,6.72,30,201.6,"SF","SAS",8.002570385,0.744553214,0.646479918,2.433957221,3.08043714,0.449499312,0.529532111,0.525219254,15.22779979
"396","Payton Pritchard",7.7,1.8,0.5,1.9,2.4,0.6,0.1,0.8,14.58,66,962.28,"SG","BOS",5.763972372,2.579607837,0.501892947,1.817800419,2.319693366,0.605723859,0.120797606,1.113337323,13.48324324
"397","Jordan Bone",4,1.3,0.3,1.4,1.7,0.1,0,0.2,8.09,14,113.26,"PG","ORL",4.914073011,1.473331437,0.245441911,1.421100631,1.666542543,0.282933223,0.121916809,0.625334475,9.713136838
"398","Dennis Schröder",15.4,5.8,0.5,3,3.5,1.1,0.2,2.7,29.5,61,1799.5,"SG","LAL",17.00422507,4.243248572,0.327678735,3.158285994,3.485964729,0.670656997,0.193016363,2.441208271,27.70206741
"399","Dewayne Dedmon",7.1,0.8,1.8,3.6,5.4,0.6,0.4,0.8,16.98,16,271.68,"C","MIA",5.396333665,0.32728761,1.274234377,4.080712075,5.354946452,0.530375332,0.873016125,1.057694709,15.46568048
"400","Fred VanVleet",19.6,6.3,0.6,3.6,4.2,1.7,0.7,1.8,39.49,52,2053.48,"SG","TOR",15.90063348,5.498942758,0.38926656,3.069527085,3.458793646,1.443429448,0.354565323,1.896382506,31.79720179
"401","John Wall",20.6,6.9,0.4,2.8,3.2,1.1,0.8,3.5,36.99,40,1479.6,"PG","HOU",21.30212142,9.380578615,0.758681379,4.903327867,5.662009245,1.578166228,0.616797199,3.916845149,44.83544557
"402","Malik Beasley",19.6,2.4,0.8,3.6,4.4,0.8,0.2,1.6,29.88,37,1105.56,"SG","MIN",11.04626195,1.5545606,0.401910941,2.133152209,2.535063149,0.57555863,0.149426759,1.09021354,17.50492126
"403","Russell Westbrook",22.2,11.7,1.7,9.9,11.6,1.4,0.4,4.8,54.27,65,3527.55,"PG","WAS",24.39307652,6.633637636,1.722942268,5.65604799,7.378990258,1.494254194,0.363962579,4.104967806,44.6680038
"404","Thanasis Antetokounmpo",2.9,0.8,0.9,1.2,2.1,0.4,0.2,0.8,7.62,57,434.34,"SF","MIL",2.876260353,0.889009429,0.609495553,0.827412494,1.436908047,0.382330825,0.12709114,0.565679559,6.896650489
"405","Thaddeus Young",12.1,4.3,2.5,3.8,6.3,1.1,0.6,2,29.21,68,1986.28,"PF","CHI",8.117528412,1.539371407,1.465382941,3.396545638,4.861928579,1.260694239,0.420751278,1.289536405,20.01569996
"406","Devonte' Graham",14.8,5.4,0.4,2.3,2.7,0.9,0.1,1.5,27.64,55,1520.2,"PG","CHO",17.39050864,6.904356207,0.705628254,2.546151064,3.251779319,0.909525671,0.245974922,2.545090817,32.5705891
"407","Alfonzo McKinnie",3.1,0.2,0.6,0.8,1.4,0.2,0,0.1,5.58,39,217.62,"SF","LAL",4.517307502,0.666693346,0.80635152,2.037750928,2.844102448,0.497095418,0.233577839,0.744637331,10.3776529
"408","Garrison Mathews",5.5,0.4,0.3,1.1,1.4,0.5,0.1,0.2,9.38,64,600.32,"SG","WAS",6.751856317,0.748157839,0.417720672,1.348300407,1.766021079,0.44066563,0.165560695,0.464928758,11.34706859
"409","Spencer Dinwiddie",6.7,3,0,4.3,4.3,0.7,0.3,1.7,17.66,3,52.98,"SG","BRK",19.55655515,6.311910143,0.533445562,3.185084132,3.718529694,0.656006932,0.337511602,2.510128649,33.95708295
"410","Devin Cannady",4.3,0.1,0,0.6,0.6,0.6,0.1,0.3,6.97,8,55.76,"PG","ORL",NA,NA,NA,NA,NA,NA,NA,NA,NA
"411","Kenyon Martin Jr.",9.3,1.1,1.6,3.8,5.4,0.7,0.9,0.8,21.43,45,964.35,"SF","HOU",NA,NA,NA,NA,NA,NA,NA,NA,NA
"412","Tyrese Haliburton",13,5.3,0.7,2.3,3,1.3,0.5,1.6,28.35,58,1644.3,"PG","SAC",4.914295364,2.794047379,0.482461124,2.378091342,2.860552466,0.892028975,0.41078784,0.791005716,15.65547412
"413","Marc Gasol",5,2.1,0.7,3.4,4.1,0.5,1.1,1,16.87,52,877.24,"C","LAL",5.704399741,3.063911941,0.724529771,5.190844262,5.915374033,0.681593344,0.917688881,1.28530312,20.91126005
"414","Zion Williamson",27,3.7,2.7,4.5,7.2,0.9,0.6,2.7,42.99,61,2622.39,"PF","NOP",22.89598151,2.023358161,2.40211458,3.239440623,5.641555203,0.647723833,0.388899232,2.068684973,33.74206921
"415","Kris Dunn",1.3,0.5,0,1.5,1.5,0.5,0.5,0.8,6.05,4,24.2,"PG","ATL",7.658605694,3.375306223,0.485282935,2.75422219,3.239505126,1.645743471,0.367186477,1.295556561,21.35220446
"416","Kyrie Irving",26.9,6,1,3.8,4.8,1.4,0.7,2.4,45.56,54,2460.24,"PG","BRK",26.04222612,6.223297636,1.049229589,4.170243961,5.21947355,1.320149669,0.506315013,2.608595899,44.51133898
"417","D'Angelo Russell",19,5.8,0.4,2.3,2.7,1.1,0.4,2.7,32.74,42,1375.08,"PG","MIN",22.12915731,5.89196043,0.497291153,3.314395473,3.811686626,1.003522374,0.294098812,3.115127995,36.31885747
"418","LaMelo Ball",15.7,6.1,1.2,4.7,5.9,1.6,0.4,2.8,35.13,51,1791.63,"PG","CHO",8.938632785,4.389370109,1.034724906,3.195599039,4.230323945,0.973697688,0.291036502,1.445860579,22.94741867
"419","Amida Brimah",2.6,0.2,0.4,1.2,1.6,0,1,0.8,7.02,5,35.1,"C","IND",NA,NA,NA,NA,NA,NA,NA,NA,0
"420","Malachi Flynn",7.5,2.9,0.2,2.3,2.5,0.8,0.1,0.9,16.65,47,782.55,"PG","TOR",3.623669976,1.547445754,0.306529513,1.200239941,1.506769454,0.34528608,0.097897075,0.602573413,8.479938005
"421","Andre Iguodala",4.4,2.3,0.6,2.9,3.5,0.9,0.6,1.1,15.45,63,973.35,"SF","MIA",3.834473196,2.107158737,0.740729639,3.22064737,3.961377009,0.840799262,0.814443515,1.02552474,15.6890673
"422","Kyle Kuzma",12.9,1.9,1.6,4.5,6.1,0.5,0.6,1.7,24.67,68,1677.56,"SF","LAL",13.89662867,1.895435868,0.856520972,3.743274195,4.599795167,0.485067399,0.385811636,1.363530695,23.50864308
"423","Cristiano Felício",1.3,0.5,0.6,0.9,1.5,0.2,0,0.2,4.25,18,76.5,"C","CHI",4.406139013,0.884278005,2.355230944,2.34732503,4.702555973,0.474192017,0.256816532,0.82105199,12.74759684
"424","Brandon Goodwin",4.9,2,0.2,1.3,1.5,0.4,0,0.8,10.1,47,474.7,"PG","ATL",6.411161493,1.455727278,0.351128886,1.735159401,2.086288288,0.423251741,0.148564178,0.815203925,11.99854219
"425","RJ Barrett",17.6,3,0.9,4.8,5.7,0.7,0.3,1.9,30.04,72,2162.88,"SG","NYK",15.09563247,2.620971448,0.857128955,3.643020105,4.50014906,0.898156754,0.282833445,1.923854627,26.04638449
"426","Zeke Nnaji",3.2,0.2,0.3,1.2,1.5,0.2,0.1,0.2,6,42,252,"PF","DEN",6.900690066,0.460728607,1.026320417,1.935251911,2.961572329,0.439433087,0.380574802,0.892545124,12.71314832
"427","Alen Smailagić",1.9,0.3,0.4,0.7,1.1,0.2,0.3,0.3,4.87,15,73.05,"PF","GSW",6.291667572,1.164986032,0.756188136,1.518340689,2.274528825,0.267968211,0.346692586,0.80700477,11.80555883
"428","Derrick White",15.4,3.5,0.4,2.6,3,0.7,1,1.3,28.05,36,1009.8,"SG","SAS",11.81732925,2.946032568,0.539439287,3.05744301,3.596882297,0.610328332,0.728430508,1.266357119,23.30255626
"429","Kevin Porter Jr.",16.6,6.3,0.8,3,3.8,0.7,0.3,3.5,30.11,26,782.86,"SG","HOU",13.97221749,3.201247141,0.517344981,3.48125226,3.998597241,0.987449916,0.314537073,2.250105406,25.22826045
"430","Rondae Hollis-Jefferson",2.5,1.2,1,1.4,2.4,0.2,0.4,0.2,8.78,11,96.58,"PF","POR",7.78636751,1.742406505,1.69294388,2.899523371,4.592467251,0.736443237,0.395879945,1.005112381,18.30279514
"431","Rudy Gobert",14.3,1.3,3.4,10.1,13.5,0.6,2.7,1.7,40.65,71,2886.15,"C","UTA",14.19167217,1.42035418,3.034166067,8.878911497,11.91307756,0.701712917,1.825700471,1.759692633,36.44044405
"432","Joe Ingles",12.1,4.7,0.4,3.2,3.6,0.7,0.2,1.7,24.47,67,1639.49,"SF","UTA",8.231096382,4.373331593,0.404238405,3.156937042,3.561175447,0.857584225,0.220052001,1.820479761,20.47693322
"433","Tomáš Satoranský",7.7,4.7,0.5,1.9,2.4,0.7,0.2,1.7,18.63,58,1080.54,"SG","CHI",8.511259083,4.734203482,1.113221112,2.480238995,3.593460107,0.983112967,0.22811259,1.72347803,21.83491508
"434","Pat Connaughton",6.8,1.2,0.9,3.9,4.8,0.7,0.3,0.5,16.86,69,1163.34,"SG","MIL",4.871274894,1.582249329,0.870175143,3.053262633,3.923437776,0.441033727,0.402155447,0.805080594,13.67726115
"435","Elijah Hughes",1.7,0.3,0.1,0.4,0.5,0.1,0.1,0.3,3.05,18,54.9,"SF","UTA",4.633266843,1.038223723,-0.093711105,1.053256893,0.959545789,0.445236113,0.279146137,0.625011862,8.890192262
"436","Jae'Sean Tate",11.3,2.5,1.9,3.5,5.4,1.2,0.5,1.4,25.23,70,1766.1,"SF","HOU",NA,NA,NA,NA,NA,NA,NA,NA,NA
"437","Kentavious Caldwell-Pope",9.7,1.9,0.4,2.3,2.7,0.9,0.4,1,18.69,67,1252.23,"SG","LAL",10.06754726,2.025088844,0.59220545,1.921368957,2.513574407,0.804687701,0.202811328,0.79806106,18.34590584
"438","DeAndre' Bembry",5.7,2.1,0.6,2.2,2.8,1,0.4,1.4,15.01,51,765.51,"SF","TOR",5.593461001,1.418179995,0.745448833,2.556793017,3.302241851,0.980191724,0.399702372,1.214505651,14.60859785
"439","E'Twaun Moore",4.9,1.5,0.5,1.1,1.6,0.6,0.2,0.9,10.57,27,285.39,"SG","PHO",7.169423108,1.225741458,0.519585926,1.699036369,2.218622295,0.54724691,0.222170906,0.645938729,13.33269677
"440","Goga Bitadze",5.1,0.8,1.3,2,3.3,0.2,1.3,0.4,14.36,45,646.2,"C","IND",5.132665548,0.920930248,0.530374632,1.768157593,2.298532225,0.287237474,0.626626628,0.64984471,11.36404719
"441","Kostas Antetokounmpo",0.8,0.1,0.3,1,1.3,0.1,0.3,0.7,3.01,15,45.15,"PF","LAL",3.630745957,1.02382946,0.471198182,0.830274337,1.301472519,0.135373469,0.076288254,0.356636867,7.006605472
"442","Tyler Herro",15.1,3.4,0.5,4.5,5,0.6,0.3,1.9,27,54,1458,"SG","MIA",14.46252512,2.384657072,0.375952452,3.493544773,3.869497225,0.586114332,0.266264579,1.437392992,23.80265114
"443","Enes Freedom",11.2,1.2,3.9,7.1,11,0.5,0.7,1.1,28.7,72,2066.4,"C","POR",7.783600006,0.744728272,2.59513523,4.355103254,6.950238484,0.376399323,0.575384823,1.045571468,19.05075957
"444","Nicolas Claxton",6.6,0.9,1.3,3.8,5.1,0.7,1.3,0.6,19.47,32,623.04,"C","BRK",7.393965659,1.676266197,1.324133717,2.392154942,3.716288659,0.254316491,0.561599567,0.903365184,15.91229434
"445","Tre Jones",2.5,1.1,0.2,0.4,0.6,0.2,0,0.4,5.07,37,187.59,"PG","SAS",3.019446462,2.868517843,0.152384966,1.381593133,1.533978099,0.680135141,0.036882766,0.406646872,10.9074038
"446","Will Barton",12.7,3.2,0.7,3.3,4,0.9,0.4,1.7,24.5,56,1372,"SF","DEN",13.181477,3.405343885,1.168881566,4.361591072,5.530472638,0.950966239,0.465772152,1.58715226,27.5891229
"447","Dylan Windler",5.2,1.1,0.6,2.8,3.4,0.6,0.4,1,12.93,31,400.83,"SF","CLE",NA,NA,NA,NA,NA,NA,NA,NA,NA
"448","James Nunnally",1.7,0.3,0.2,0.8,1,0,0,0.2,3.15,9,28.35,"SF","NOP",5.72380286,0.675009587,0.130895616,1.737898528,1.868794144,0.599226828,0.201263373,0.520017044,10.86032377
"449","Christian Wood",21,1.7,1.9,7.8,9.7,0.8,1.2,2,39.19,41,1606.79,"C","HOU",15.98733414,1.977406658,1.687043106,5.288471699,6.975514805,0.667729955,0.784002629,1.853263799,29.82599585
"450","Cody Martin",4,1.7,1,2.1,3.1,0.7,0.2,0.8,12.17,52,632.84,"SF","CHO",5.92977498,1.955591684,0.790837062,2.428406702,3.219243765,0.753093469,0.253506164,0.881666758,14.86438716
"451","Rodney McGruder",5.7,1,0.5,0.9,1.4,0.5,0.1,0.4,10.28,16,164.48,"SG","DET",5.061003572,1.259339418,0.620384469,2.336180044,2.956564513,0.533727625,0.165312366,0.591896359,12.00311373
"452","Armoni Brooks",11.2,1.5,0.5,2.9,3.4,0.6,0.3,1.1,19.13,20,382.6,"SG","HOU",NA,NA,NA,NA,NA,NA,NA,NA,NA
"453","Isaiah Roby",8.7,1.8,1.5,4.1,5.6,0.9,0.6,1.9,20.72,61,1263.92,"PF","OKC",3.692403362,0.843597072,0.150630408,1.275203236,1.425833643,0.218902828,0.109437157,0.710413544,6.94340575
"454","Malik Monk",11.7,2.1,0.3,2.1,2.4,0.5,0.1,1.3,18.23,42,765.66,"SG","CHO",12.29476001,2.361298829,0.543995247,2.471159517,3.015154764,0.504994857,0.321108659,1.376524295,20.55668022
"455","Ben Simmons",14.3,6.9,1.6,5.6,7.2,1.6,0.6,3,36.89,58,2139.62,"PG","PHI",17.73716217,8.603071141,1.860786457,5.545743035,7.406529492,1.829792982,0.652545735,3.580063346,43.39655707
"456","Michael Porter Jr.",19,1.1,1.5,5.8,7.3,0.7,0.9,1.3,32.91,61,2007.51,"SF","DEN",10.4012787,1.135276402,1.126024838,3.281143585,4.407168423,0.526300938,0.485338756,1.073614254,19.35410024
"457","Nerlens Noel",5.1,0.7,2.2,4.2,6.4,1.1,2.2,1,22.73,64,1454.72,"C","NYK",7.441758801,0.972662049,1.385620599,3.487066341,4.87268694,1.012427329,1.224988676,0.918118378,20.54210584
"458","KZ Okpala",2.5,0.5,0.6,1.3,1.9,0.3,0.3,0.4,6.93,37,256.41,"PF","MIA",4.295493158,0.588359156,0.287271166,1.174538372,1.461809539,0.431740977,0.269048264,0.259173813,8.775397248
"459","Luguentz Dort",14,1.7,0.7,2.9,3.6,0.9,0.4,1.5,23.27,52,1210.04,"SG","OKC",9.448316359,1.449531823,0.765556719,1.964767947,2.730324667,0.941219937,0.15748932,0.921329415,17.27380205
"460","Eric Paschall",9.5,1.3,0.7,2.5,3.2,0.3,0.2,1.1,15.69,40,627.6,"PF","GSW",13.80178964,1.992916982,1.367290024,2.993816929,4.361106954,0.493306915,0.253902352,1.474979178,22.79114208
"461","Wesley Matthews",4.8,0.9,0.3,1.3,1.6,0.7,0.3,0.4,10.67,58,618.86,"SG","LAL",7.074854238,1.546068692,0.344878278,2.300463392,2.64534167,0.645849703,0.127273675,0.58745198,14.30028543
